Date first seen,Date last seen,Proto,Src IP Addr,Dst IP Addr,Src Pt,Dst Pt,In Pkt,In Byte
2023-06-29 19:33:46.137,2023-06-29 19:33:46.137,ICMP ,        10.0.2.1,        10.0.3.2,0,8.0,1,98
2023-06-29 19:33:46.140,2023-06-29 19:33:46.140,ICMP ,        10.0.3.2,        10.0.2.1,0,0.0,1,98
2023-06-29 19:33:47.123,2023-06-29 19:33:47.123,ICMP ,        10.0.2.1,        10.0.3.2,0,8.0,1,98
2023-06-29 19:33:47.127,2023-06-29 19:33:47.127,ICMP ,        10.0.3.2,        10.0.2.1,0,0.0,1,98
2023-06-29 19:33:47.133,2023-06-29 19:34:16.426,ICMP ,        10.0.3.2,        10.0.2.1,0,0.0,9,882
2023-06-29 19:33:47.133,2023-06-29 19:34:16.426,ICMP ,        10.0.2.1,        10.0.3.2,0,8.0,9,882
2023-06-29 19:33:47.133,2023-06-29 19:34:26.463,ICMP ,        10.0.2.1,        10.0.3.2,0,8.0,10,980
2023-06-29 19:33:47.133,2023-06-29 19:34:26.467,ICMP ,        10.0.3.2,        10.0.2.1,0,0.0,10,980
2023-06-29 19:33:47.133,2023-06-29 19:34:36.519,ICMP ,        10.0.3.2,        10.0.2.1,0,0.0,10,980
2023-06-29 19:33:47.133,2023-06-29 19:34:36.519,ICMP ,        10.0.2.1,        10.0.3.2,0,8.0,10,980
2023-06-29 19:33:47.133,2023-06-29 19:34:46.924,ICMP ,        10.0.3.2,        10.0.2.1,0,0.0,10,980
2023-06-29 19:33:47.133,2023-06-29 19:34:46.924,ICMP ,        10.0.2.1,        10.0.3.2,0,8.0,10,980
2023-06-29 19:33:47.133,2023-06-29 19:34:57.048,ICMP ,        10.0.2.1,        10.0.3.2,0,8.0,10,980
2023-06-29 19:33:47.133,2023-06-29 19:34:57.052,ICMP ,        10.0.3.2,        10.0.2.1,0,0.0,10,980
2023-06-29 19:33:47.133,2023-06-29 19:35:07.105,ICMP ,        10.0.2.1,        10.0.3.2,0,8.0,10,980
2023-06-29 19:33:47.133,2023-06-29 19:35:07.109,ICMP ,        10.0.3.2,        10.0.2.1,0,0.0,10,980
2023-06-29 19:33:47.133,2023-06-29 19:35:16.130,ICMP ,        10.0.2.1,        10.0.3.2,0,8.0,9,882
2023-06-29 19:33:47.133,2023-06-29 19:35:16.134,ICMP ,        10.0.3.2,        10.0.2.1,0,0.0,9,882
2023-06-29 19:33:47.133,2023-06-29 19:35:27.163,ICMP ,        10.0.3.2,        10.0.2.1,0,0.0,11,1078
2023-06-29 19:33:47.133,2023-06-29 19:35:27.163,ICMP ,        10.0.2.1,        10.0.3.2,0,8.0,11,1078
2023-06-29 19:33:47.133,2023-06-29 19:35:46.704,ICMP ,        10.0.2.1,        10.0.3.2,0,8.0,10,980
2023-06-29 19:33:47.133,2023-06-29 19:35:46.708,ICMP ,        10.0.3.2,        10.0.2.1,0,0.0,10,980
2023-06-29 19:33:47.133,2023-06-29 19:35:56.738,ICMP ,        10.0.2.1,        10.0.3.2,0,8.0,10,980
2023-06-29 19:33:47.133,2023-06-29 19:35:56.742,ICMP ,        10.0.3.2,        10.0.2.1,0,0.0,10,980
2023-06-29 19:33:47.133,2023-06-29 19:36:06.754,ICMP ,        10.0.3.2,        10.0.2.1,0,0.0,10,980
2023-06-29 19:33:47.133,2023-06-29 19:36:06.754,ICMP ,        10.0.2.1,        10.0.3.2,0,8.0,10,980
2023-06-29 19:33:47.133,2023-06-29 19:36:16.776,ICMP ,        10.0.3.2,        10.0.2.1,0,0.0,10,980
2023-06-29 19:33:47.133,2023-06-29 19:36:16.776,ICMP ,        10.0.2.1,        10.0.3.2,0,8.0,10,980
2023-06-29 19:33:47.133,2023-06-29 19:36:26.796,ICMP ,        10.0.3.2,        10.0.2.1,0,0.0,10,980
2023-06-29 19:33:47.133,2023-06-29 19:36:26.797,ICMP ,        10.0.2.1,        10.0.3.2,0,8.0,10,980
2023-06-29 19:33:47.133,2023-06-29 19:36:36.971,ICMP ,        10.0.3.2,        10.0.2.1,0,0.0,10,980
2023-06-29 19:33:47.133,2023-06-29 19:36:36.971,ICMP ,        10.0.2.1,        10.0.3.2,0,8.0,10,980
2023-06-29 19:33:47.133,2023-06-29 19:36:47.055,ICMP ,        10.0.2.1,        10.0.3.2,0,8.0,10,980
2023-06-29 19:33:47.133,2023-06-29 19:36:47.059,ICMP ,        10.0.3.2,        10.0.2.1,0,0.0,10,980
2023-06-29 19:33:47.134,2023-06-29 19:33:57.358,ICMP ,        10.0.2.1,        10.0.3.2,0,8.0,11,1078
2023-06-29 19:33:47.134,2023-06-29 19:33:57.362,ICMP ,        10.0.3.2,        10.0.2.1,0,0.0,11,1078
2023-06-29 19:33:47.134,2023-06-29 19:34:07.385,ICMP ,        10.0.2.1,        10.0.3.2,0,8.0,10,980
2023-06-29 19:33:47.134,2023-06-29 19:34:07.389,ICMP ,        10.0.3.2,        10.0.2.1,0,0.0,10,980
2023-06-29 19:33:47.134,2023-06-29 19:35:36.511,ICMP ,        10.0.2.1,        10.0.3.2,0,8.0,9,882
2023-06-29 19:33:47.134,2023-06-29 19:35:36.515,ICMP ,        10.0.3.2,        10.0.2.1,0,0.0,9,882
2023-06-29 19:33:47.374,2023-06-29 19:33:47.374,ICMP ,        10.0.2.1,        10.0.3.2,0,8.0,1,98
2023-06-29 19:33:47.376,2023-06-29 19:33:47.376,ICMP ,        10.0.3.2,        10.0.2.1,0,0.0,1,98
2023-06-29 19:33:48.116,2023-06-29 19:34:06.366,ICMP ,        10.0.2.1,        10.0.3.2,0,8.0,19,1862
2023-06-29 19:33:48.116,2023-06-29 19:34:26.427,ICMP ,        10.0.2.1,        10.0.3.2,0,8.0,10,980
2023-06-29 19:33:48.116,2023-06-29 19:35:07.089,ICMP ,        10.0.2.1,        10.0.3.2,0,8.0,10,980
2023-06-29 19:33:48.116,2023-06-29 19:36:16.760,ICMP ,        10.0.2.1,        10.0.3.2,0,8.0,10,980
2023-06-29 19:33:48.117,2023-06-29 19:34:16.412,ICMP ,        10.0.2.1,        10.0.3.2,0,8.0,10,980
2023-06-29 19:33:48.117,2023-06-29 19:34:36.500,ICMP ,        10.0.2.1,        10.0.3.2,0,8.0,10,980
2023-06-29 19:33:48.117,2023-06-29 19:34:46.880,ICMP ,        10.0.2.1,        10.0.3.2,0,8.0,10,980
2023-06-29 19:33:48.117,2023-06-29 19:34:57.034,ICMP ,        10.0.2.1,        10.0.3.2,0,8.0,10,980
2023-06-29 19:33:48.117,2023-06-29 19:35:17.117,ICMP ,        10.0.2.1,        10.0.3.2,0,8.0,10,980
2023-06-29 19:33:48.117,2023-06-29 19:35:27.140,ICMP ,        10.0.2.1,        10.0.3.2,0,8.0,10,980
2023-06-29 19:33:48.117,2023-06-29 19:35:36.494,ICMP ,        10.0.2.1,        10.0.3.2,0,8.0,9,882
2023-06-29 19:33:48.117,2023-06-29 19:35:46.548,ICMP ,        10.0.2.1,        10.0.3.2,0,8.0,10,980
2023-06-29 19:33:48.117,2023-06-29 19:35:56.721,ICMP ,        10.0.2.1,        10.0.3.2,0,8.0,10,980
2023-06-29 19:33:48.117,2023-06-29 19:36:06.738,ICMP ,        10.0.2.1,        10.0.3.2,0,8.0,10,980
2023-06-29 19:33:48.117,2023-06-29 19:36:26.781,ICMP ,        10.0.2.1,        10.0.3.2,0,8.0,10,980
2023-06-29 19:33:48.117,2023-06-29 19:36:36.955,ICMP ,        10.0.2.1,        10.0.3.2,0,8.0,10,980
2023-06-29 19:33:48.117,2023-06-29 19:36:47.044,ICMP ,        10.0.2.1,        10.0.3.2,0,8.0,10,980
2023-06-29 19:33:48.117,2023-06-29 19:36:48.046,ICMP ,        10.0.2.1,        10.0.3.2,0,8.0,1,98
2023-06-29 19:33:48.120,2023-06-29 19:34:06.370,ICMP ,        10.0.3.2,        10.0.2.1,0,0.0,19,1862
2023-06-29 19:33:48.120,2023-06-29 19:34:26.430,ICMP ,        10.0.3.2,        10.0.2.1,0,0.0,10,980
2023-06-29 19:33:48.120,2023-06-29 19:35:07.093,ICMP ,        10.0.3.2,        10.0.2.1,0,0.0,10,980
2023-06-29 19:33:48.120,2023-06-29 19:36:16.764,ICMP ,        10.0.3.2,        10.0.2.1,0,0.0,10,980
2023-06-29 19:33:48.121,2023-06-29 19:34:16.412,ICMP ,        10.0.3.2,        10.0.2.1,0,0.0,10,980
2023-06-29 19:33:48.121,2023-06-29 19:34:36.504,ICMP ,        10.0.3.2,        10.0.2.1,0,0.0,10,980
2023-06-29 19:33:48.121,2023-06-29 19:34:46.884,ICMP ,        10.0.3.2,        10.0.2.1,0,0.0,10,980
2023-06-29 19:33:48.121,2023-06-29 19:34:57.038,ICMP ,        10.0.3.2,        10.0.2.1,0,0.0,10,980
2023-06-29 19:33:48.121,2023-06-29 19:35:17.117,ICMP ,        10.0.3.2,        10.0.2.1,0,0.0,10,980
2023-06-29 19:33:48.121,2023-06-29 19:35:27.144,ICMP ,        10.0.3.2,        10.0.2.1,0,0.0,10,980
2023-06-29 19:33:48.121,2023-06-29 19:35:36.498,ICMP ,        10.0.3.2,        10.0.2.1,0,0.0,9,882
2023-06-29 19:33:48.121,2023-06-29 19:35:46.552,ICMP ,        10.0.3.2,        10.0.2.1,0,0.0,10,980
2023-06-29 19:33:48.121,2023-06-29 19:35:56.725,ICMP ,        10.0.3.2,        10.0.2.1,0,0.0,10,980
2023-06-29 19:33:48.121,2023-06-29 19:36:06.742,ICMP ,        10.0.3.2,        10.0.2.1,0,0.0,10,980
2023-06-29 19:33:48.121,2023-06-29 19:36:26.785,ICMP ,        10.0.3.2,        10.0.2.1,0,0.0,10,980
2023-06-29 19:33:48.121,2023-06-29 19:36:36.959,ICMP ,        10.0.3.2,        10.0.2.1,0,0.0,10,980
2023-06-29 19:33:48.121,2023-06-29 19:36:47.048,ICMP ,        10.0.3.2,        10.0.2.1,0,0.0,10,980
2023-06-29 19:33:48.121,2023-06-29 19:36:48.046,ICMP ,        10.0.3.2,        10.0.2.1,0,0.0,1,98
2023-06-29 19:36:54.980,2023-06-29 19:36:54.980,ICMP ,        10.0.2.1,        10.0.3.3,0,8.0,1,98
2023-06-29 19:36:54.984,2023-06-29 19:36:54.984,ICMP ,        10.0.3.3,        10.0.2.1,0,0.0,1,98
2023-06-29 19:36:55.966,2023-06-29 19:36:55.966,ICMP ,        10.0.2.1,        10.0.3.3,0,8.0,1,98
2023-06-29 19:36:55.972,2023-06-29 19:36:55.972,ICMP ,        10.0.3.3,        10.0.2.1,0,0.0,1,98
2023-06-29 19:36:55.991,2023-06-29 19:37:14.116,ICMP ,        10.0.2.1,        10.0.3.3,0,8.0,19,1862
2023-06-29 19:36:55.991,2023-06-29 19:37:24.266,ICMP ,        10.0.2.1,        10.0.3.3,0,8.0,10,980
2023-06-29 19:36:55.991,2023-06-29 19:37:43.779,ICMP ,        10.0.2.1,        10.0.3.3,0,8.0,10,980
2023-06-29 19:36:55.991,2023-06-29 19:37:48.864,ICMP ,        10.0.2.1,        10.0.3.3,0,8.0,5,490
2023-06-29 19:36:55.992,2023-06-29 19:37:33.764,ICMP ,        10.0.2.1,        10.0.3.3,0,8.0,9,882
2023-06-29 19:36:55.995,2023-06-29 19:37:10.082,ICMP ,        10.0.3.3,        10.0.2.1,0,0.0,15,1470
2023-06-29 19:36:56.219,2023-06-29 19:37:06.290,ICMP ,        10.0.2.1,        10.0.3.3,0,8.0,11,1078
2023-06-29 19:36:56.219,2023-06-29 19:37:16.356,ICMP ,        10.0.2.1,        10.0.3.3,0,8.0,10,980
2023-06-29 19:36:56.219,2023-06-29 19:37:26.525,ICMP ,        10.0.2.1,        10.0.3.3,0,8.0,10,980
2023-06-29 19:36:56.219,2023-06-29 19:37:36.004,ICMP ,        10.0.2.1,        10.0.3.3,0,8.0,9,882
2023-06-29 19:36:56.219,2023-06-29 19:37:46.021,ICMP ,        10.0.2.1,        10.0.3.3,0,8.0,10,980
2023-06-29 19:36:56.219,2023-06-29 19:37:50.099,ICMP ,        10.0.2.1,        10.0.3.3,0,8.0,4,392
2023-06-29 19:36:56.221,2023-06-29 19:37:06.291,ICMP ,        10.0.3.3,        10.0.2.1,0,0.0,11,1078
2023-06-29 19:36:56.221,2023-06-29 19:37:16.356,ICMP ,        10.0.3.3,        10.0.2.1,0,0.0,10,980
2023-06-29 19:36:56.221,2023-06-29 19:37:26.526,ICMP ,        10.0.3.3,        10.0.2.1,0,0.0,10,980
2023-06-29 19:36:56.221,2023-06-29 19:37:36.004,ICMP ,        10.0.3.3,        10.0.2.1,0,0.0,9,882
2023-06-29 19:36:56.221,2023-06-29 19:37:46.021,ICMP ,        10.0.3.3,        10.0.2.1,0,0.0,10,980
2023-06-29 19:36:56.221,2023-06-29 19:37:50.103,ICMP ,        10.0.3.3,        10.0.2.1,0,0.0,4,392
2023-06-29 19:36:56.981,2023-06-29 19:37:07.040,ICMP ,        10.0.2.1,        10.0.3.3,0,8.0,11,1078
2023-06-29 19:36:56.981,2023-06-29 19:37:17.123,ICMP ,        10.0.2.1,        10.0.3.3,0,8.0,10,980
2023-06-29 19:36:56.981,2023-06-29 19:37:26.276,ICMP ,        10.0.2.1,        10.0.3.3,0,8.0,9,882
2023-06-29 19:36:56.981,2023-06-29 19:37:36.753,ICMP ,        10.0.2.1,        10.0.3.3,0,8.0,10,980
2023-06-29 19:36:56.981,2023-06-29 19:37:46.770,ICMP ,        10.0.2.1,        10.0.3.3,0,8.0,10,980
2023-06-29 19:36:56.981,2023-06-29 19:37:49.851,ICMP ,        10.0.2.1,        10.0.3.3,0,8.0,3,294
2023-06-29 19:36:56.986,2023-06-29 19:37:07.044,ICMP ,        10.0.3.3,        10.0.2.1,0,0.0,11,1078
2023-06-29 19:36:56.986,2023-06-29 19:37:17.127,ICMP ,        10.0.3.3,        10.0.2.1,0,0.0,10,980
2023-06-29 19:36:56.986,2023-06-29 19:37:26.280,ICMP ,        10.0.3.3,        10.0.2.1,0,0.0,9,882
2023-06-29 19:36:56.986,2023-06-29 19:37:36.757,ICMP ,        10.0.3.3,        10.0.2.1,0,0.0,10,980
2023-06-29 19:36:56.986,2023-06-29 19:37:46.774,ICMP ,        10.0.3.3,        10.0.2.1,0,0.0,10,980
2023-06-29 19:36:56.986,2023-06-29 19:37:49.855,ICMP ,        10.0.3.3,        10.0.2.1,0,0.0,3,294
2023-06-29 19:37:11.080,2023-06-29 19:37:21.177,ICMP ,        10.0.3.3,        10.0.2.1,0,0.0,11,1078
2023-06-29 19:37:11.080,2023-06-29 19:37:40.778,ICMP ,        10.0.3.3,        10.0.2.1,0,0.0,10,980
2023-06-29 19:37:11.080,2023-06-29 19:37:41.780,ICMP ,        10.0.3.3,        10.0.2.1,0,0.0,1,98
2023-06-29 19:37:11.081,2023-06-29 19:37:30.760,ICMP ,        10.0.3.3,        10.0.2.1,0,0.0,9,882
2023-06-29 19:37:42.781,2023-06-29 19:37:48.864,ICMP ,        10.0.3.3,        10.0.2.1,0,0.0,7,686
2023-06-29 19:37:53.142,2023-06-29 19:37:57.222,ICMP ,        10.0.2.1,        10.0.3.1,0,8.0,5,490
2023-06-29 19:37:53.145,2023-06-29 19:37:57.226,ICMP ,        10.0.3.1,        10.0.2.1,0,0.0,5,490
2023-06-29 19:37:54.127,2023-06-29 19:37:58.210,ICMP ,        10.0.2.1,        10.0.3.1,0,8.0,5,490
2023-06-29 19:37:54.130,2023-06-29 19:37:58.210,ICMP ,        10.0.3.1,        10.0.2.1,0,0.0,5,490
2023-06-29 19:37:54.381,2023-06-29 19:37:58.460,ICMP ,        10.0.2.1,        10.0.3.1,0,8.0,5,490
2023-06-29 19:37:54.383,2023-06-29 19:37:58.464,ICMP ,        10.0.3.1,        10.0.2.1,0,0.0,5,490
2023-06-29 19:37:59.220,2023-06-29 19:38:23.671,ICMP ,        10.0.2.1,        10.0.3.1,0,8.0,5,490
2023-06-29 19:37:59.221,2023-06-29 19:38:08.641,ICMP ,        10.0.3.1,        10.0.2.1,0,0.0,10,980
2023-06-29 19:37:59.221,2023-06-29 19:38:09.645,ICMP ,        10.0.2.1,        10.0.3.1,0,8.0,11,1078
2023-06-29 19:37:59.221,2023-06-29 19:38:18.660,ICMP ,        10.0.2.1,        10.0.3.1,0,8.0,9,882
2023-06-29 19:38:09.644,2023-06-29 19:38:23.671,ICMP ,        10.0.3.1,        10.0.2.1,0,0.0,5,490
2023-06-29 19:38:09.645,2023-06-29 19:38:18.660,ICMP ,        10.0.3.1,        10.0.2.1,0,0.0,10,980
2023-06-29 19:38:27.148,2023-06-29 19:38:59.816,UDP  ,        10.0.3.1,        10.0.3.2,0,0,60,3600
2023-06-29 19:39:00.345,2023-06-29 19:43:07.958,UDP  ,        10.0.3.1,        10.0.3.2,0,0,60,3558
2023-06-29 19:39:04.101,2023-06-29 19:48:43.534,TCP  ,        10.0.2.2,        10.0.4.3,80,80,31,60
2023-06-29 19:39:07.442,2023-06-29 19:44:32.227,TCP  ,        10.0.2.2,        10.0.4.3,80,80,34,60
2023-06-29 19:39:10.839,2023-06-29 19:51:43.801,UDP  ,        10.0.3.1,        10.0.3.2,0,0,60,1114
2023-06-29 19:39:11.579,2023-06-29 19:52:46.950,UDP  ,        10.0.3.1,        10.0.3.2,0,0,62,560
2023-06-29 19:39:19.148,2023-06-29 19:39:59.816,UDP  ,        10.0.3.1,        10.0.3.2,0,0,60,3600
2023-06-29 19:39:19.148,2023-06-29 19:39:59.816,UDP  ,        10.0.3.1,        10.0.3.2,0,0,60,900
2023-06-29 19:39:19.803,2023-06-29 19:46:35.527,TCP  ,        10.0.2.1,        10.0.2.3,0,22,30,96
2023-06-29 19:39:21.266,2023-06-29 19:45:44.940,TCP  ,        10.0.2.1,        10.0.2.3,0,22,30,96
2023-06-29 19:39:21.474,2023-06-29 19:45:49.856,TCP  ,        10.0.2.2,        10.0.4.3,80,80,32,60
2023-06-29 19:39:22.149,2023-06-29 19:46:27.740,UDP  ,        10.0.3.1,        10.0.3.2,0,0,63,1113
2023-06-29 19:39:24.987,2023-06-29 19:46:20.822,TCP  ,        10.0.2.2,        10.0.4.3,80,80,34,60
2023-06-29 19:39:29.148,2023-06-29 19:48:59.816,UDP  ,        10.0.3.1,        10.0.3.2,0,0,60,400
2023-06-29 19:39:29.148,2023-06-29 19:39:59.816,UDP  ,        10.0.3.1,        10.0.3.2,0,0,60,3600
2023-06-29 19:39:29.675,2023-06-29 19:39:34.518,UDP  ,        10.0.3.1,        10.0.3.2,0,0,60,3062
2023-06-29 19:39:30.887,2023-06-29 19:50:25.969,TCP  ,        10.0.2.1,        10.0.2.3,0,22,33,97
2023-06-29 19:39:32.532,2023-06-29 19:47:21.797,UDP  ,        10.0.3.1,        10.0.3.2,0,0,60,324
2023-06-29 19:39:36.148,2023-06-29 19:39:59.816,UDP  ,        10.0.3.1,        10.0.3.2,0,0,60,300
2023-06-29 19:39:38.314,2023-06-29 19:50:13.832,UDP  ,        10.0.3.1,        10.0.3.2,0,0,60,2533
2023-06-29 19:39:39.381,2023-06-29 19:46:54.349,UDP  ,        10.0.3.1,        10.0.3.2,0,0,62,3314
2023-06-29 19:39:40.347,2023-06-29 19:45:41.814,TCP  ,        10.0.2.2,        10.0.4.3,80,80,33,60
2023-06-29 19:39:41.578,2023-06-29 19:47:22.372,TCP  ,        10.0.2.1,        10.0.2.3,0,22,32,96
2023-06-29 19:39:46.626,2023-06-29 19:49:51.690,TCP  ,        10.0.2.2,        10.0.4.3,80,80,32,60
2023-06-29 19:39:46.754,2023-06-29 19:51:59.998,TCP  ,        10.0.2.1,        10.0.2.3,0,22,33,97
2023-06-29 19:39:47.545,2023-06-29 19:48:11.257,TCP  ,        10.0.2.2,        10.0.4.3,80,80,30,60
2023-06-29 19:39:47.574,2023-06-29 19:42:28.361,TCP  ,        10.0.2.1,        10.0.2.3,0,22,31,97
2023-06-29 19:39:49.148,2023-06-29 19:41:59.816,UDP  ,        10.0.3.1,        10.0.3.2,0,0,60,3600
2023-06-29 19:39:50.151,2023-06-29 19:43:33.723,TCP  ,        10.0.2.1,        10.0.2.3,0,22,34,96
2023-06-29 19:39:50.346,2023-06-29 19:41:06.879,UDP  ,        10.0.3.1,        10.0.3.2,0,0,61,607
2023-06-29 19:39:51.636,2023-06-29 19:50:04.234,TCP  ,        10.0.2.2,        10.0.4.3,80,80,31,60
2023-06-29 19:39:55.645,2023-06-29 19:52:45.436,TCP  ,        10.0.2.2,        10.0.4.3,80,80,30,60
2023-06-29 19:39:55.668,2023-06-29 19:43:27.317,TCP  ,        10.0.2.1,        10.0.2.3,0,22,33,96
2023-06-29 19:39:56.957,2023-06-29 19:44:27.295,TCP  ,        10.0.2.2,        10.0.4.3,80,80,33,60
2023-06-29 19:40:04.919,2023-06-29 19:42:01.281,UDP  ,        10.0.3.1,        10.0.3.2,0,0,62,3598
2023-06-29 19:40:08.593,2023-06-29 19:47:21.673,UDP  ,        10.0.3.1,        10.0.3.2,0,0,61,1076
2023-06-29 19:40:10.940,2023-06-29 19:52:13.439,TCP  ,        10.0.2.1,        10.0.2.3,0,22,31,96
2023-06-29 19:40:11.130,2023-06-29 19:41:12.786,TCP  ,        10.0.2.2,        10.0.4.3,80,80,31,60
2023-06-29 19:40:13.141,2023-06-29 19:50:00.995,TCP  ,        10.0.2.1,        10.0.2.3,0,22,34,97
2023-06-29 19:40:13.164,2023-06-29 19:46:16.848,UDP  ,        10.0.3.1,        10.0.3.2,0,0,62,689
2023-06-29 19:40:20.704,2023-06-29 19:40:23.441,TCP  ,        10.0.2.2,        10.0.4.3,80,80,30,60
2023-06-29 19:40:23.318,2023-06-29 19:43:40.547,TCP  ,        10.0.2.2,        10.0.4.3,80,80,33,60
2023-06-29 19:40:28.770,2023-06-29 19:43:25.299,TCP  ,        10.0.2.1,        10.0.2.3,0,22,30,97
2023-06-29 19:40:29.675,2023-06-29 19:42:51.805,TCP  ,        10.0.2.2,        10.0.4.3,80,80,31,60
2023-06-29 19:40:29.866,2023-06-29 19:47:03.106,TCP  ,        10.0.2.2,        10.0.4.3,80,80,33,60
2023-06-29 19:40:31.389,2023-06-29 19:51:52.509,TCP  ,        10.0.2.1,        10.0.2.3,0,22,31,96
2023-06-29 19:40:32.962,2023-06-29 19:45:09.729,TCP  ,        10.0.2.2,        10.0.4.3,80,80,33,60
2023-06-29 19:40:35.432,2023-06-29 19:52:10.356,UDP  ,        10.0.3.1,        10.0.3.2,0,0,60,3200
2023-06-29 19:40:38.296,2023-06-29 19:43:39.395,TCP  ,        10.0.2.2,        10.0.4.3,80,80,30,60
2023-06-29 19:40:44.883,2023-06-29 19:41:24.525,TCP  ,        10.0.2.1,        10.0.2.3,0,22,33,97
2023-06-29 19:40:47.327,2023-06-29 19:43:26.191,UDP  ,        10.0.3.1,        10.0.3.2,0,0,61,2465
2023-06-29 19:40:47.838,2023-06-29 19:42:29.353,UDP  ,        10.0.3.1,        10.0.3.2,0,0,61,3492
2023-06-29 19:40:50.499,2023-06-29 19:46:20.287,TCP  ,        10.0.2.2,        10.0.4.3,80,80,34,60
2023-06-29 19:40:52.305,2023-06-29 19:42:27.296,TCP  ,        10.0.2.2,        10.0.4.3,80,80,30,60
2023-06-29 19:40:54.200,2023-06-29 19:49:44.119,TCP  ,        10.0.2.2,        10.0.4.3,80,80,34,60
2023-06-29 19:41:01.316,2023-06-29 19:50:16.230,TCP  ,        10.0.2.1,        10.0.2.3,0,22,32,96
2023-06-29 19:41:03.956,2023-06-29 19:44:01.126,TCP  ,        10.0.2.2,        10.0.4.3,80,80,34,60
2023-06-29 19:41:12.273,2023-06-29 19:46:03.458,TCP  ,        10.0.2.2,        10.0.4.3,80,80,31,60
2023-06-29 19:41:16.852,2023-06-29 19:52:45.299,TCP  ,        10.0.2.1,        10.0.2.3,0,22,32,96
2023-06-29 19:41:22.342,2023-06-29 19:45:09.720,UDP  ,        10.0.3.1,        10.0.3.2,0,0,64,2665
2023-06-29 19:41:25.183,2023-06-29 19:45:32.188,UDP  ,        10.0.3.1,        10.0.3.2,0,0,62,2245
2023-06-29 19:41:27.727,2023-06-29 19:47:57.416,TCP  ,        10.0.2.2,        10.0.4.3,80,80,30,60
2023-06-29 19:41:35.176,2023-06-29 19:44:54.283,TCP  ,        10.0.2.1,        10.0.2.3,0,22,32,96
2023-06-29 19:41:36.410,2023-06-29 19:49:41.924,UDP  ,        10.0.3.1,        10.0.3.2,0,0,60,470
2023-06-29 19:41:39.218,2023-06-29 19:47:47.498,TCP  ,        10.0.2.1,        10.0.2.3,0,22,32,97
2023-06-29 19:41:39.445,2023-06-29 19:50:08.287,TCP  ,        10.0.2.1,        10.0.2.3,0,22,34,97
2023-06-29 19:41:40.537,2023-06-29 19:50:23.619,UDP  ,        10.0.3.1,        10.0.3.2,0,0,62,1460
2023-06-29 19:41:40.926,2023-06-29 19:47:04.965,UDP  ,        10.0.3.1,        10.0.3.2,0,0,64,460
2023-06-29 19:41:43.337,2023-06-29 19:50:03.542,UDP  ,        10.0.3.1,        10.0.3.2,0,0,60,3473
2023-06-29 19:41:48.616,2023-06-29 19:50:13.477,TCP  ,        10.0.2.2,        10.0.4.3,80,80,30,60
2023-06-29 19:41:51.177,2023-06-29 19:47:30.315,TCP  ,        10.0.2.2,        10.0.4.3,80,80,34,60
2023-06-29 19:41:51.371,2023-06-29 19:48:14.424,TCP  ,        10.0.2.1,        10.0.2.3,0,22,32,96
2023-06-29 19:41:54.408,2023-06-29 19:45:29.825,UDP  ,        10.0.3.1,        10.0.3.2,0,0,63,2702
2023-06-29 19:41:55.813,2023-06-29 19:46:29.500,UDP  ,        10.0.3.1,        10.0.3.2,0,0,62,1045
2023-06-29 19:41:56.300,2023-06-29 19:44:15.460,TCP  ,        10.0.2.2,        10.0.4.3,80,80,31,60
2023-06-29 19:42:00.398,2023-06-29 19:48:32.873,TCP  ,        10.0.2.2,        10.0.4.3,80,80,34,60
2023-06-29 19:42:01.791,2023-06-29 19:42:03.784,UDP  ,        10.0.3.1,        10.0.3.2,0,0,62,2454
2023-06-29 19:42:04.255,2023-06-29 19:51:35.430,UDP  ,        10.0.3.1,        10.0.3.2,0,0,61,3210
2023-06-29 19:42:06.519,2023-06-29 19:47:16.129,TCP  ,        10.0.2.2,        10.0.4.3,80,80,34,60
2023-06-29 19:42:08.499,2023-06-29 19:43:54.981,TCP  ,        10.0.2.2,        10.0.4.3,80,80,30,60
2023-06-29 19:42:09.720,2023-06-29 19:49:56.995,TCP  ,        10.0.2.2,        10.0.4.3,80,80,31,60
2023-06-29 19:42:11.899,2023-06-29 19:46:18.828,TCP  ,        10.0.2.1,        10.0.2.3,0,22,32,97
2023-06-29 19:42:20.146,2023-06-29 19:45:31.216,TCP  ,        10.0.2.1,        10.0.2.3,0,22,34,97
2023-06-29 19:42:20.996,2023-06-29 19:47:42.562,TCP  ,        10.0.2.2,        10.0.4.3,80,80,31,60
2023-06-29 19:42:21.912,2023-06-29 19:46:46.314,UDP  ,        10.0.3.1,        10.0.3.2,0,0,60,1555
2023-06-29 19:42:26.489,2023-06-29 19:43:53.802,TCP  ,        10.0.2.2,        10.0.4.3,80,80,32,60
2023-06-29 19:42:30.467,2023-06-29 19:52:17.799,UDP  ,        10.0.3.1,        10.0.3.2,0,0,63,1183
2023-06-29 19:42:32.155,2023-06-29 19:49:55.416,UDP  ,        10.0.3.1,        10.0.3.2,0,0,60,1565
2023-06-29 19:42:33.506,2023-06-29 19:47:24.684,UDP  ,        10.0.3.1,        10.0.3.2,0,0,62,1630
2023-06-29 19:42:35.424,2023-06-29 19:49:04.675,TCP  ,        10.0.2.1,        10.0.2.3,0,22,30,96
2023-06-29 19:42:35.981,2023-06-29 19:49:18.977,TCP  ,        10.0.2.2,        10.0.4.3,80,80,33,60
2023-06-29 19:42:36.357,2023-06-29 19:51:31.770,TCP  ,        10.0.2.2,        10.0.4.3,80,80,33,60
2023-06-29 19:42:40.252,2023-06-29 19:51:17.225,TCP  ,        10.0.2.2,        10.0.4.3,80,80,34,60
2023-06-29 19:42:40.972,2023-06-29 19:47:15.898,TCP  ,        10.0.2.1,        10.0.2.3,0,22,34,97
2023-06-29 19:42:42.729,2023-06-29 19:49:27.716,TCP  ,        10.0.2.1,        10.0.2.3,0,22,33,97
2023-06-29 19:42:45.904,2023-06-29 19:45:46.155,TCP  ,        10.0.2.1,        10.0.2.3,0,22,33,96
2023-06-29 19:42:47.191,2023-06-29 19:50:23.241,TCP  ,        10.0.2.1,        10.0.2.3,0,22,32,97
2023-06-29 19:42:53.669,2023-06-29 19:43:04.680,TCP  ,        10.0.2.2,        10.0.4.3,80,80,30,60
2023-06-29 19:42:55.174,2023-06-29 19:45:34.960,TCP  ,        10.0.2.2,        10.0.4.3,80,80,34,60
2023-06-29 19:42:57.293,2023-06-29 19:50:30.210,TCP  ,        10.0.2.2,        10.0.4.3,80,80,30,60
2023-06-29 19:42:59.969,2023-06-29 19:45:43.349,TCP  ,        10.0.2.2,        10.0.4.3,80,80,32,60
2023-06-29 19:43:01.897,2023-06-29 19:51:07.571,TCP  ,        10.0.2.2,        10.0.4.3,80,80,33,60
2023-06-29 19:43:04.706,2023-06-29 19:43:24.436,UDP  ,        10.0.3.1,        10.0.3.2,0,0,61,2081
2023-06-29 19:43:05.181,2023-06-29 19:43:58.187,TCP  ,        10.0.2.2,        10.0.4.3,80,80,31,60
2023-06-29 19:43:11.137,2023-06-29 19:43:39.666,TCP  ,        10.0.2.2,        10.0.4.3,80,80,34,60
2023-06-29 19:43:11.773,2023-06-29 19:46:34.452,TCP  ,        10.0.2.2,        10.0.4.3,80,80,30,60
2023-06-29 19:43:14.521,2023-06-29 19:48:35.545,UDP  ,        10.0.3.1,        10.0.3.2,0,0,60,413
2023-06-29 19:43:17.370,2023-06-29 19:44:55.261,UDP  ,        10.0.3.1,        10.0.3.2,0,0,60,2143
2023-06-29 19:43:25.228,2023-06-29 19:48:42.949,UDP  ,        10.0.3.1,        10.0.3.2,0,0,60,1911
2023-06-29 19:43:27.601,2023-06-29 19:45:38.841,TCP  ,        10.0.2.1,        10.0.2.3,0,22,31,96
2023-06-29 19:43:28.963,2023-06-29 19:49:03.568,TCP  ,        10.0.2.2,        10.0.4.3,80,80,32,60
2023-06-29 19:43:29.917,2023-06-29 19:52:00.650,UDP  ,        10.0.3.1,        10.0.3.2,0,0,63,3180
2023-06-29 19:43:36.916,2023-06-29 19:52:20.724,UDP  ,        10.0.3.1,        10.0.3.2,0,0,64,333
2023-06-29 19:43:37.448,2023-06-29 19:52:41.968,TCP  ,        10.0.2.2,        10.0.4.3,80,80,32,60
2023-06-29 19:43:41.787,2023-06-29 19:48:37.356,TCP  ,        10.0.2.1,        10.0.2.3,0,22,33,97
2023-06-29 19:43:45.723,2023-06-29 19:52:07.123,UDP  ,        10.0.3.1,        10.0.3.2,0,0,63,892
2023-06-29 19:43:51.479,2023-06-29 19:50:33.310,TCP  ,        10.0.2.2,        10.0.4.3,80,80,32,60
2023-06-29 19:43:53.836,2023-06-29 19:49:46.946,TCP  ,        10.0.2.2,        10.0.4.3,80,80,33,60
2023-06-29 19:43:55.713,2023-06-29 19:50:54.492,UDP  ,        10.0.3.1,        10.0.3.2,0,0,60,1749
2023-06-29 19:44:01.266,2023-06-29 19:47:20.466,UDP  ,        10.0.3.1,        10.0.3.2,0,0,64,2266
2023-06-29 19:44:03.350,2023-06-29 19:50:26.161,TCP  ,        10.0.2.1,        10.0.2.3,0,22,30,97
2023-06-29 19:44:05.607,2023-06-29 19:51:47.660,TCP  ,        10.0.2.1,        10.0.2.3,0,22,30,96
2023-06-29 19:44:05.853,2023-06-29 19:51:01.772,UDP  ,        10.0.3.1,        10.0.3.2,0,0,64,1320
2023-06-29 19:44:10.751,2023-06-29 19:52:26.905,TCP  ,        10.0.2.1,        10.0.2.3,0,22,32,97
2023-06-29 19:44:13.116,2023-06-29 19:46:02.577,TCP  ,        10.0.2.1,        10.0.2.3,0,22,32,96
2023-06-29 19:44:17.438,2023-06-29 19:52:04.597,TCP  ,        10.0.2.1,        10.0.2.3,0,22,32,97
2023-06-29 19:44:20.572,2023-06-29 19:51:52.935,UDP  ,        10.0.3.1,        10.0.3.2,0,0,64,2841
2023-06-29 19:44:24.358,2023-06-29 19:50:36.825,UDP  ,        10.0.3.1,        10.0.3.2,0,0,63,561
2023-06-29 19:44:32.145,2023-06-29 19:51:31.517,TCP  ,        10.0.2.1,        10.0.2.3,0,22,31,96
2023-06-29 19:44:33.810,2023-06-29 19:50:01.923,TCP  ,        10.0.2.1,        10.0.2.3,0,22,30,97
2023-06-29 19:44:35.662,2023-06-29 19:45:26.140,UDP  ,        10.0.3.1,        10.0.3.2,0,0,61,1954
2023-06-29 19:44:37.869,2023-06-29 19:49:53.833,TCP  ,        10.0.2.2,        10.0.4.3,80,80,30,60
2023-06-29 19:44:38.733,2023-06-29 19:50:22.525,TCP  ,        10.0.2.1,        10.0.2.3,0,22,34,97
2023-06-29 19:44:39.203,2023-06-29 19:46:28.338,TCP  ,        10.0.2.1,        10.0.2.3,0,22,32,96
2023-06-29 19:44:40.101,2023-06-29 19:52:22.825,TCP  ,        10.0.2.2,        10.0.4.3,80,80,31,60
2023-06-29 19:44:40.216,2023-06-29 19:52:48.848,UDP  ,        10.0.3.1,        10.0.3.2,0,0,64,944
2023-06-29 19:44:44.248,2023-06-29 19:49:36.467,TCP  ,        10.0.2.2,        10.0.4.3,80,80,32,60
2023-06-29 19:44:44.501,2023-06-29 19:46:14.675,UDP  ,        10.0.3.1,        10.0.3.2,0,0,61,1848
2023-06-29 19:44:49.125,2023-06-29 19:51:41.464,UDP  ,        10.0.3.1,        10.0.3.2,0,0,62,1873
2023-06-29 19:44:57.969,2023-06-29 19:49:26.537,TCP  ,        10.0.2.1,        10.0.2.3,0,22,30,96
2023-06-29 19:44:59.146,2023-06-29 19:52:06.535,TCP  ,        10.0.2.2,        10.0.4.3,80,80,34,60
2023-06-29 19:45:01.652,2023-06-29 19:50:40.650,UDP  ,        10.0.3.1,        10.0.3.2,0,0,63,3064
2023-06-29 19:45:05.368,2023-06-29 19:52:11.190,TCP  ,        10.0.2.1,        10.0.2.3,0,22,33,97
2023-06-29 19:45:07.365,2023-06-29 19:47:42.640,UDP  ,        10.0.3.1,        10.0.3.2,0,0,64,3040
2023-06-29 19:45:08.618,2023-06-29 19:46:55.418,TCP  ,        10.0.2.1,        10.0.2.3,0,22,34,96
2023-06-29 19:45:15.129,2023-06-29 19:47:14.879,TCP  ,        10.0.2.2,        10.0.4.3,80,80,30,60
2023-06-29 19:45:16.505,2023-06-29 19:46:38.441,TCP  ,        10.0.2.2,        10.0.4.3,80,80,30,60
2023-06-29 19:45:21.385,2023-06-29 19:48:14.867,UDP  ,        10.0.3.1,        10.0.3.2,0,0,64,1888
2023-06-29 19:45:25.175,2023-06-29 19:47:38.796,UDP  ,        10.0.3.1,        10.0.3.2,0,0,60,1809
2023-06-29 19:45:26.801,2023-06-29 19:48:50.946,TCP  ,        10.0.2.2,        10.0.4.3,80,80,32,60
2023-06-29 19:45:27.771,2023-06-29 19:45:49.492,UDP  ,        10.0.3.1,        10.0.3.2,0,0,64,491
2023-06-29 19:45:34.840,2023-06-29 19:51:03.702,TCP  ,        10.0.2.2,        10.0.4.3,80,80,34,60
2023-06-29 19:45:37.311,2023-06-29 19:52:05.110,TCP  ,        10.0.2.1,        10.0.2.3,0,22,34,96
2023-06-29 19:45:37.916,2023-06-29 19:50:24.632,TCP  ,        10.0.2.2,        10.0.4.3,80,80,33,60
2023-06-29 19:45:38.461,2023-06-29 19:46:59.801,UDP  ,        10.0.3.1,        10.0.3.2,0,0,63,2842
2023-06-29 19:45:43.708,2023-06-29 19:46:34.228,TCP  ,        10.0.2.2,        10.0.4.3,80,80,32,60
2023-06-29 19:45:44.204,2023-06-29 19:50:41.900,TCP  ,        10.0.2.2,        10.0.4.3,80,80,33,60
2023-06-29 19:45:45.936,2023-06-29 19:51:51.325,TCP  ,        10.0.2.2,        10.0.4.3,80,80,33,60
2023-06-29 19:45:46.544,2023-06-29 19:46:37.981,TCP  ,        10.0.2.1,        10.0.2.3,0,22,31,96
2023-06-29 19:45:46.577,2023-06-29 19:48:20.973,TCP  ,        10.0.2.1,        10.0.2.3,0,22,33,97
2023-06-29 19:45:47.946,2023-06-29 19:51:52.907,TCP  ,        10.0.2.1,        10.0.2.3,0,22,34,97
2023-06-29 19:45:51.212,2023-06-29 19:46:29.775,TCP  ,        10.0.2.2,        10.0.4.3,80,80,31,60
2023-06-29 19:45:52.570,2023-06-29 19:52:47.578,TCP  ,        10.0.2.2,        10.0.4.3,80,80,31,60
2023-06-29 19:45:52.767,2023-06-29 19:46:03.267,UDP  ,        10.0.3.1,        10.0.3.2,0,0,60,2649
2023-06-29 19:45:55.439,2023-06-29 19:47:56.589,TCP  ,        10.0.2.1,        10.0.2.3,0,22,30,96
2023-06-29 19:45:57.541,2023-06-29 19:52:38.816,UDP  ,        10.0.3.1,        10.0.3.2,0,0,64,2764
2023-06-29 19:45:59.745,2023-06-29 19:48:11.975,UDP  ,        10.0.3.1,        10.0.3.2,0,0,62,1799
2023-06-29 19:45:59.838,2023-06-29 19:49:58.102,UDP  ,        10.0.3.1,        10.0.3.2,0,0,61,1689
2023-06-29 19:46:04.530,2023-06-29 19:46:53.252,TCP  ,        10.0.2.2,        10.0.4.3,80,80,34,60
2023-06-29 19:46:04.922,2023-06-29 19:50:04.993,TCP  ,        10.0.2.1,        10.0.2.3,0,22,31,97
2023-06-29 19:46:13.986,2023-06-29 19:49:05.960,TCP  ,        10.0.2.2,        10.0.4.3,80,80,31,60
2023-06-29 19:46:14.534,2023-06-29 19:47:32.732,TCP  ,        10.0.2.2,        10.0.4.3,80,80,34,60
2023-06-29 19:46:15.266,2023-06-29 19:51:14.313,TCP  ,        10.0.2.1,        10.0.2.3,0,22,33,96
2023-06-29 19:46:18.134,2023-06-29 19:49:26.737,UDP  ,        10.0.3.1,        10.0.3.2,0,0,64,2574
2023-06-29 19:46:20.291,2023-06-29 19:48:28.306,TCP  ,        10.0.2.1,        10.0.2.3,0,22,33,96
2023-06-29 19:46:21.279,2023-06-29 19:47:58.696,TCP  ,        10.0.2.2,        10.0.4.3,80,80,30,60
2023-06-29 19:46:26.911,2023-06-29 19:48:46.948,TCP  ,        10.0.2.2,        10.0.4.3,80,80,31,60
2023-06-29 19:46:28.441,2023-06-29 19:49:36.315,TCP  ,        10.0.2.1,        10.0.2.3,0,22,32,96
2023-06-29 19:46:29.270,2023-06-29 19:47:02.750,UDP  ,        10.0.3.1,        10.0.3.2,0,0,62,2388
2023-06-29 19:46:31.727,2023-06-29 19:51:40.847,UDP  ,        10.0.3.1,        10.0.3.2,0,0,60,2655
2023-06-29 19:46:35.789,2023-06-29 19:49:49.582,TCP  ,        10.0.2.1,        10.0.2.3,0,22,31,97
2023-06-29 19:46:37.436,2023-06-29 19:51:19.541,TCP  ,        10.0.2.2,        10.0.4.3,80,80,33,60
2023-06-29 19:46:37.818,2023-06-29 19:46:50.844,TCP  ,        10.0.2.1,        10.0.2.3,0,22,30,97
2023-06-29 19:46:39.673,2023-06-29 19:47:34.450,UDP  ,        10.0.3.1,        10.0.3.2,0,0,60,929
2023-06-29 19:46:45.563,2023-06-29 19:50:02.922,TCP  ,        10.0.2.2,        10.0.4.3,80,80,33,60
2023-06-29 19:46:53.573,2023-06-29 19:49:30.653,TCP  ,        10.0.2.1,        10.0.2.3,0,22,33,97
2023-06-29 19:46:54.371,2023-06-29 19:49:08.600,TCP  ,        10.0.2.1,        10.0.2.3,0,22,33,96
2023-06-29 19:46:56.957,2023-06-29 19:52:42.432,UDP  ,        10.0.3.1,        10.0.3.2,0,0,64,1127
2023-06-29 19:46:57.153,2023-06-29 19:49:49.798,TCP  ,        10.0.2.1,        10.0.2.3,0,22,33,97
2023-06-29 19:47:00.933,2023-06-29 19:49:58.313,TCP  ,        10.0.2.1,        10.0.2.3,0,22,30,97
2023-06-29 19:47:02.433,2023-06-29 19:50:03.852,UDP  ,        10.0.3.1,        10.0.3.2,0,0,60,2434
2023-06-29 19:47:11.205,2023-06-29 19:48:15.326,TCP  ,        10.0.2.2,        10.0.4.3,80,80,32,60
2023-06-29 19:47:12.738,2023-06-29 19:47:19.958,UDP  ,        10.0.3.1,        10.0.3.2,0,0,62,372
2023-06-29 19:47:13.129,2023-06-29 19:52:16.954,UDP  ,        10.0.3.1,        10.0.3.2,0,0,61,851
2023-06-29 19:47:16.525,2023-06-29 19:49:12.710,TCP  ,        10.0.2.2,        10.0.4.3,80,80,32,60
2023-06-29 19:47:18.400,2023-06-29 19:49:25.242,TCP  ,        10.0.2.1,        10.0.2.3,0,22,32,97
2023-06-29 19:47:25.614,2023-06-29 19:52:05.935,TCP  ,        10.0.2.1,        10.0.2.3,0,22,34,96
2023-06-29 19:47:27.541,2023-06-29 19:47:28.378,TCP  ,        10.0.2.1,        10.0.2.3,0,22,34,96
2023-06-29 19:47:29.134,2023-06-29 19:51:55.939,TCP  ,        10.0.2.2,        10.0.4.3,80,80,33,60
2023-06-29 19:47:29.744,2023-06-29 19:52:42.883,UDP  ,        10.0.3.1,        10.0.3.2,0,0,64,1806
2023-06-29 19:47:33.898,2023-06-29 19:49:25.225,TCP  ,        10.0.2.2,        10.0.4.3,80,80,30,60
2023-06-29 19:47:46.584,2023-06-29 19:48:15.614,UDP  ,        10.0.3.1,        10.0.3.2,0,0,63,2544
2023-06-29 19:47:47.631,2023-06-29 19:52:26.188,TCP  ,        10.0.2.1,        10.0.2.3,0,22,30,96
2023-06-29 19:47:49.369,2023-06-29 19:50:35.848,TCP  ,        10.0.2.1,        10.0.2.3,0,22,34,97
2023-06-29 19:47:52.334,2023-06-29 19:51:12.946,TCP  ,        10.0.2.1,        10.0.2.3,0,22,34,97
2023-06-29 19:47:53.721,2023-06-29 19:47:56.377,UDP  ,        10.0.3.1,        10.0.3.2,0,0,62,2232
2023-06-29 19:47:54.342,2023-06-29 19:51:35.365,TCP  ,        10.0.2.2,        10.0.4.3,80,80,33,60
2023-06-29 19:47:56.711,2023-06-29 19:50:43.546,UDP  ,        10.0.3.1,        10.0.3.2,0,0,60,383
2023-06-29 19:48:04.316,2023-06-29 19:50:47.715,UDP  ,        10.0.3.1,        10.0.3.2,0,0,64,2876
2023-06-29 19:48:09.534,2023-06-29 19:52:23.366,TCP  ,        10.0.2.1,        10.0.2.3,0,22,32,96
2023-06-29 19:48:11.194,2023-06-29 19:50:17.285,TCP  ,        10.0.2.1,        10.0.2.3,0,22,33,97
2023-06-29 19:48:11.433,2023-06-29 19:48:59.174,TCP  ,        10.0.2.1,        10.0.2.3,0,22,33,97
2023-06-29 19:48:12.179,2023-06-29 19:50:30.342,TCP  ,        10.0.2.2,        10.0.4.3,80,80,34,60
2023-06-29 19:48:12.450,2023-06-29 19:50:20.486,UDP  ,        10.0.3.1,        10.0.3.2,0,0,62,2882
2023-06-29 19:48:15.216,2023-06-29 19:50:55.716,TCP  ,        10.0.2.2,        10.0.4.3,80,80,32,60
2023-06-29 19:48:17.128,2023-06-29 19:50:10.939,TCP  ,        10.0.2.1,        10.0.2.3,0,22,31,96
2023-06-29 19:48:21.267,2023-06-29 19:50:52.762,UDP  ,        10.0.3.1,        10.0.3.2,0,0,64,2791
2023-06-29 19:48:22.480,2023-06-29 19:52:58.318,TCP  ,        10.0.2.1,        10.0.2.3,0,22,34,97
2023-06-29 19:48:23.188,2023-06-29 19:52:29.468,TCP  ,        10.0.2.2,        10.0.4.3,80,80,31,60
2023-06-29 19:48:23.681,2023-06-29 19:48:39.571,TCP  ,        10.0.2.1,        10.0.2.3,0,22,34,96
2023-06-29 19:48:24.946,2023-06-29 19:52:24.611,TCP  ,        10.0.2.2,        10.0.4.3,80,80,33,60
2023-06-29 19:48:25.508,2023-06-29 19:51:05.113,TCP  ,        10.0.2.2,        10.0.4.3,80,80,33,60
2023-06-29 19:48:26.219,2023-06-29 19:49:45.663,TCP  ,        10.0.2.1,        10.0.2.3,0,22,30,97
2023-06-29 19:48:26.932,2023-06-29 19:50:02.948,TCP  ,        10.0.2.2,        10.0.4.3,80,80,32,60
2023-06-29 19:48:27.169,2023-06-29 19:49:28.871,UDP  ,        10.0.3.1,        10.0.3.2,0,0,63,2975
2023-06-29 19:48:35.866,2023-06-29 19:52:15.817,TCP  ,        10.0.2.1,        10.0.2.3,0,22,33,97
2023-06-29 19:48:48.531,2023-06-29 19:49:10.472,UDP  ,        10.0.3.1,        10.0.3.2,0,0,62,651
2023-06-29 19:48:49.537,2023-06-29 19:51:37.512,UDP  ,        10.0.3.1,        10.0.3.2,0,0,63,3234
2023-06-29 19:48:49.799,2023-06-29 19:49:47.758,TCP  ,        10.0.2.2,        10.0.4.3,80,80,33,60
2023-06-29 19:48:50.732,2023-06-29 19:49:42.878,UDP  ,        10.0.3.1,        10.0.3.2,0,0,61,629
2023-06-29 19:48:52.252,2023-06-29 19:50:50.257,TCP  ,        10.0.2.1,        10.0.2.3,0,22,34,96
2023-06-29 19:48:52.345,2023-06-29 19:49:30.598,TCP  ,        10.0.2.2,        10.0.4.3,80,80,34,60
2023-06-29 19:48:56.516,2023-06-29 19:52:57.748,TCP  ,        10.0.2.1,        10.0.2.3,0,22,31,96
2023-06-29 19:48:58.835,2023-06-29 19:49:03.929,TCP  ,        10.0.2.2,        10.0.4.3,80,80,32,60
2023-06-29 19:49:02.465,2023-06-29 19:49:38.542,TCP  ,        10.0.2.1,        10.0.2.3,0,22,30,96
2023-06-29 19:49:07.283,2023-06-29 19:49:09.846,TCP  ,        10.0.2.2,        10.0.4.3,80,80,31,60
2023-06-29 19:49:07.575,2023-06-29 19:51:03.563,TCP  ,        10.0.2.1,        10.0.2.3,0,22,31,97
2023-06-29 19:49:07.981,2023-06-29 19:52:02.562,TCP  ,        10.0.2.1,        10.0.2.3,0,22,32,96
2023-06-29 19:49:08.699,2023-06-29 19:52:51.870,UDP  ,        10.0.3.1,        10.0.3.2,0,0,62,1737
2023-06-29 19:49:12.575,2023-06-29 19:50:24.630,TCP  ,        10.0.2.1,        10.0.2.3,0,22,31,96
2023-06-29 19:49:13.571,2023-06-29 19:51:58.197,UDP  ,        10.0.3.1,        10.0.3.2,0,0,62,624
2023-06-29 19:49:15.510,2023-06-29 19:51:15.531,TCP  ,        10.0.2.1,        10.0.2.3,0,22,33,96
2023-06-29 19:49:17.736,2023-06-29 19:52:53.881,TCP  ,        10.0.2.1,        10.0.2.3,0,22,34,97
2023-06-29 19:49:19.124,2023-06-29 19:49:24.616,TCP  ,        10.0.2.2,        10.0.4.3,80,80,34,60
2023-06-29 19:49:19.595,2023-06-29 19:49:22.596,UDP  ,        10.0.3.1,        10.0.3.2,0,0,63,1123
2023-06-29 19:49:19.729,2023-06-29 19:50:01.364,TCP  ,        10.0.2.2,        10.0.4.3,80,80,34,60
2023-06-29 19:49:20.418,2023-06-29 19:50:33.922,TCP  ,        10.0.2.1,        10.0.2.3,0,22,31,97
2023-06-29 19:49:21.424,2023-06-29 19:52:25.284,TCP  ,        10.0.2.2,        10.0.4.3,80,80,34,60
2023-06-29 19:49:22.496,2023-06-29 19:49:43.903,TCP  ,        10.0.2.1,        10.0.2.3,0,22,32,97
2023-06-29 19:49:23.217,2023-06-29 19:50:34.530,TCP  ,        10.0.2.2,        10.0.4.3,80,80,31,60
2023-06-29 19:49:24.419,2023-06-29 19:50:15.233,UDP  ,        10.0.3.1,        10.0.3.2,0,0,64,2785
2023-06-29 19:49:26.949,2023-06-29 19:51:57.741,TCP  ,        10.0.2.1,        10.0.2.3,0,22,33,96
2023-06-29 19:49:29.200,2023-06-29 19:51:46.958,UDP  ,        10.0.3.1,        10.0.3.2,0,0,64,893
2023-06-29 19:49:29.758,2023-06-29 19:51:22.996,TCP  ,        10.0.2.1,        10.0.2.3,0,22,31,97
2023-06-29 19:49:32.778,2023-06-29 19:52:33.841,UDP  ,        10.0.3.1,        10.0.3.2,0,0,61,1304
2023-06-29 19:49:37.370,2023-06-29 19:50:43.606,UDP  ,        10.0.3.1,        10.0.3.2,0,0,63,1780
2023-06-29 19:49:46.142,2023-06-29 19:51:16.290,UDP  ,        10.0.3.1,        10.0.3.2,0,0,64,3563
2023-06-29 19:49:47.751,2023-06-29 19:52:18.283,TCP  ,        10.0.2.1,        10.0.2.3,0,22,32,97
2023-06-29 19:49:50.583,2023-06-29 19:52:12.369,TCP  ,        10.0.2.1,        10.0.2.3,0,22,30,97
2023-06-29 19:49:50.636,2023-06-29 19:50:57.734,TCP  ,        10.0.2.1,        10.0.2.3,0,22,33,97
2023-06-29 19:49:52.367,2023-06-29 19:51:19.612,UDP  ,        10.0.3.1,        10.0.3.2,0,0,64,2100
2023-06-29 19:49:53.423,2023-06-29 19:52:55.703,TCP  ,        10.0.2.1,        10.0.2.3,0,22,31,96
2023-06-29 19:49:56.259,2023-06-29 19:50:38.687,TCP  ,        10.0.2.2,        10.0.4.3,80,80,33,60
2023-06-29 19:49:57.164,2023-06-29 19:50:02.886,TCP  ,        10.0.2.2,        10.0.4.3,80,80,33,60
2023-06-29 19:50:05.126,2023-06-29 19:52:54.917,TCP  ,        10.0.2.1,        10.0.2.3,0,22,30,96
2023-06-29 19:50:05.637,2023-06-29 19:50:48.924,TCP  ,        10.0.2.1,        10.0.2.3,0,22,30,96
2023-06-29 19:50:07.902,2023-06-29 19:51:41.111,TCP  ,        10.0.2.1,        10.0.2.3,0,22,31,97
2023-06-29 19:50:08.825,2023-06-29 19:50:24.840,UDP  ,        10.0.3.1,        10.0.3.2,0,0,64,1253
2023-06-29 19:50:09.351,2023-06-29 19:51:19.503,TCP  ,        10.0.2.2,        10.0.4.3,80,80,31,60
2023-06-29 19:50:11.382,2023-06-29 19:52:08.934,UDP  ,        10.0.3.1,        10.0.3.2,0,0,62,1494
2023-06-29 19:50:14.215,2023-06-29 19:52:40.960,TCP  ,        10.0.2.2,        10.0.4.3,80,80,34,60
2023-06-29 19:50:22.833,2023-06-29 19:50:43.733,TCP  ,        10.0.2.2,        10.0.4.3,80,80,34,60
2023-06-29 19:50:29.977,2023-06-29 19:52:27.110,TCP  ,        10.0.2.2,        10.0.4.3,80,80,32,60
2023-06-29 19:50:32.142,2023-06-29 19:51:04.436,TCP  ,        10.0.2.2,        10.0.4.3,80,80,31,60
2023-06-29 19:50:33.568,2023-06-29 19:52:43.587,UDP  ,        10.0.3.1,        10.0.3.2,0,0,62,451
2023-06-29 19:50:33.895,2023-06-29 19:52:31.280,TCP  ,        10.0.2.2,        10.0.4.3,80,80,30,60
2023-06-29 19:50:33.918,2023-06-29 19:52:30.772,TCP  ,        10.0.2.2,        10.0.4.3,80,80,30,60
2023-06-29 19:50:36.722,2023-06-29 19:51:40.539,TCP  ,        10.0.2.1,        10.0.2.3,0,22,34,96
2023-06-29 19:50:41.730,2023-06-29 19:51:10.653,TCP  ,        10.0.2.1,        10.0.2.3,0,22,32,97
2023-06-29 19:50:43.241,2023-06-29 19:51:41.543,UDP  ,        10.0.3.1,        10.0.3.2,0,0,60,2519
2023-06-29 19:50:45.136,2023-06-29 19:52:56.422,TCP  ,        10.0.2.1,        10.0.2.3,0,22,33,97
2023-06-29 19:50:45.724,2023-06-29 19:51:14.944,TCP  ,        10.0.2.1,        10.0.2.3,0,22,31,96
2023-06-29 19:50:45.728,2023-06-29 19:51:30.388,TCP  ,        10.0.2.1,        10.0.2.3,0,22,31,97
2023-06-29 19:50:50.817,2023-06-29 19:51:28.773,UDP  ,        10.0.3.1,        10.0.3.2,0,0,60,926
2023-06-29 19:50:55.586,2023-06-29 19:52:33.368,TCP  ,        10.0.2.1,        10.0.2.3,0,22,34,97
2023-06-29 19:50:56.616,2023-06-29 19:51:30.975,TCP  ,        10.0.2.2,        10.0.4.3,80,80,32,60
2023-06-29 19:50:58.738,2023-06-29 19:52:19.389,UDP  ,        10.0.3.1,        10.0.3.2,0,0,60,311
2023-06-29 19:50:59.817,2023-06-29 19:51:26.322,TCP  ,        10.0.2.1,        10.0.2.3,0,22,33,97
2023-06-29 19:51:02.359,2023-06-29 19:51:43.986,UDP  ,        10.0.3.1,        10.0.3.2,0,0,64,438
2023-06-29 19:51:03.161,2023-06-29 19:51:51.884,TCP  ,        10.0.2.2,        10.0.4.3,80,80,32,60
2023-06-29 19:51:17.570,2023-06-29 19:51:54.364,TCP  ,        10.0.2.1,        10.0.2.3,0,22,32,97
2023-06-29 19:51:25.258,2023-06-29 19:52:32.293,TCP  ,        10.0.2.2,        10.0.4.3,80,80,30,60
2023-06-29 19:51:26.354,2023-06-29 19:51:50.232,UDP  ,        10.0.3.1,        10.0.3.2,0,0,64,2574
2023-06-29 19:51:28.912,2023-06-29 19:52:16.147,UDP  ,        10.0.3.1,        10.0.3.2,0,0,63,1398
2023-06-29 19:51:33.853,2023-06-29 19:52:02.444,UDP  ,        10.0.3.1,        10.0.3.2,0,0,60,2552
2023-06-29 19:51:44.873,2023-06-29 19:52:51.245,UDP  ,        10.0.3.1,        10.0.3.2,0,0,62,1032
2023-06-29 19:51:45.518,2023-06-29 19:51:49.962,UDP  ,        10.0.3.1,        10.0.3.2,0,0,60,524
2023-06-29 19:51:51.113,2023-06-29 19:51:52.887,TCP  ,        10.0.2.1,        10.0.2.3,0,22,33,97
2023-06-29 19:51:53.957,2023-06-29 19:52:35.175,TCP  ,        10.0.2.1,        10.0.2.3,0,22,34,97
2023-06-29 19:51:54.476,2023-06-29 19:52:14.963,TCP  ,        10.0.2.1,        10.0.2.3,0,22,34,97
2023-06-29 19:51:54.970,2023-06-29 19:52:08.385,UDP  ,        10.0.3.1,        10.0.3.2,0,0,64,3330
2023-06-29 19:51:55.760,2023-06-29 19:52:31.561,TCP  ,        10.0.2.2,        10.0.4.3,80,80,32,60
2023-06-29 19:51:58.239,2023-06-29 19:52:28.615,UDP  ,        10.0.3.1,        10.0.3.2,0,0,64,2981
2023-06-29 19:52:02.429,2023-06-29 19:52:47.783,TCP  ,        10.0.2.2,        10.0.4.3,80,80,33,60
2023-06-29 19:52:03.453,2023-06-29 19:52:40.896,UDP  ,        10.0.3.1,        10.0.3.2,0,0,63,1860
2023-06-29 19:52:07.255,2023-06-29 19:52:48.253,TCP  ,        10.0.2.1,        10.0.2.3,0,22,33,96
2023-06-29 19:52:15.351,2023-06-29 19:52:18.108,TCP  ,        10.0.2.2,        10.0.4.3,80,80,30,60
2023-06-29 19:52:19.411,2023-06-29 19:52:58.477,UDP  ,        10.0.3.1,        10.0.3.2,0,0,63,1381
2023-06-29 19:52:22.347,2023-06-29 19:52:33.207,UDP  ,        10.0.3.1,        10.0.3.2,0,0,64,2219
2023-06-29 19:52:22.632,2023-06-29 19:52:26.230,TCP  ,        10.0.2.1,        10.0.2.3,0,22,34,97
2023-06-29 19:52:23.246,2023-06-29 19:52:40.316,TCP  ,        10.0.2.1,        10.0.2.3,0,22,34,97
2023-06-29 19:52:26.955,2023-06-29 19:52:36.745,UDP  ,        10.0.3.1,        10.0.3.2,0,0,63,1103
2023-06-29 19:52:28.124,2023-06-29 19:52:29.136,UDP  ,        10.0.3.1,        10.0.3.2,0,0,64,2319
2023-06-29 19:52:31.612,2023-06-29 19:52:35.156,TCP  ,        10.0.2.1,        10.0.2.3,0,22,30,97
2023-06-29 19:52:34.662,2023-06-29 19:52:50.295,TCP  ,        10.0.2.2,        10.0.4.3,80,80,34,60
2023-06-29 19:52:34.998,2023-06-29 19:52:36.451,TCP  ,        10.0.2.1,        10.0.2.3,0,22,34,97
2023-06-29 19:52:37.779,2023-06-29 19:52:52.871,TCP  ,        10.0.2.2,        10.0.4.3,80,80,32,60
2023-06-29 19:52:43.576,2023-06-29 19:52:45.702,UDP  ,        10.0.3.1,        10.0.3.2,0,0,62,311
2023-06-29 19:52:44.117,2023-06-29 19:52:50.876,UDP  ,        10.0.3.1,        10.0.3.2,0,0,62,1075
2023-06-29 19:52:46.251,2023-06-29 19:53:00.118,UDP  ,        10.0.3.1,        10.0.3.2,0,0,64,1571
2023-06-29 19:52:48.404,2023-06-29 19:52:53.860,TCP  ,        10.0.2.2,        10.0.4.3,80,80,33,60
2023-06-29 19:52:49.675,2023-06-29 19:52:55.466,TCP  ,        10.0.2.1,        10.0.2.3,0,22,33,96
2023-06-29 19:55:41.844,2023-06-29 19:55:46.510,TCP  ,        10.0.2.1,        10.0.2.3,0,22,15,96
2023-06-29 19:55:41.849,2023-06-29 19:55:46.182,ICMP ,        10.0.2.3,        10.0.2.1,0,8.0,10,880
2023-06-29 19:55:42.835,2023-06-29 19:55:47.832,TCP  ,        10.0.2.1,        10.0.2.3,0,22,16,96
2023-06-29 19:55:42.841,2023-06-29 19:55:47.175,ICMP ,        10.0.2.3,        10.0.2.1,0,8.0,10,880
2023-06-29 19:55:43.100,2023-06-29 19:55:47.765,TCP  ,        10.0.2.1,        10.0.2.3,0,22,15,96
2023-06-29 19:55:43.102,2023-06-29 19:55:47.436,ICMP ,        10.0.2.3,        10.0.2.1,0,8.0,10,880
2023-06-29 19:55:46.785,2023-06-29 19:55:46.785,TCP  ,        10.0.2.2,        10.0.4.3,80,80,1,60
2023-06-29 19:55:46.845,2023-06-29 19:55:52.843,TCP  ,        10.0.2.1,        10.0.2.3,0,22,19,96
2023-06-29 19:55:47.182,2023-06-29 19:55:52.179,ICMP ,        10.0.2.3,        10.0.2.1,0,8.0,6,528
2023-06-29 19:55:47.450,2023-06-29 19:55:52.779,TCP  ,        10.0.2.2,        10.0.4.3,80,80,17,1020
2023-06-29 19:55:47.772,2023-06-29 19:55:47.772,TCP  ,        10.0.2.2,        10.0.4.3,80,80,1,60
2023-06-29 19:55:48.038,2023-06-29 19:55:48.038,TCP  ,        10.0.2.2,        10.0.4.3,80,80,1,60
2023-06-29 19:55:48.096,2023-06-29 19:55:54.095,TCP  ,        10.0.2.1,        10.0.2.3,0,22,19,96
2023-06-29 19:55:48.171,2023-06-29 19:56:18.173,ICMP ,        10.0.2.3,        10.0.2.1,0,8.0,10,880
2023-06-29 19:55:48.172,2023-06-29 19:55:58.175,ICMP ,        10.0.2.3,        10.0.2.1,0,8.0,11,968
2023-06-29 19:55:48.172,2023-06-29 19:56:08.173,ICMP ,        10.0.2.3,        10.0.2.1,0,8.0,10,880
2023-06-29 19:55:48.172,2023-06-29 19:56:28.172,ICMP ,        10.0.2.3,        10.0.2.1,0,8.0,10,880
2023-06-29 19:55:48.172,2023-06-29 19:56:38.173,ICMP ,        10.0.2.3,        10.0.2.1,0,8.0,10,880
2023-06-29 19:55:48.172,2023-06-29 19:56:48.172,ICMP ,        10.0.2.3,        10.0.2.1,0,8.0,10,880
2023-06-29 19:55:48.172,2023-06-29 19:56:58.173,ICMP ,        10.0.2.3,        10.0.2.1,0,8.0,10,880
2023-06-29 19:55:48.172,2023-06-29 19:57:08.170,ICMP ,        10.0.2.3,        10.0.2.1,0,8.0,10,880
2023-06-29 19:55:48.172,2023-06-29 19:57:18.175,ICMP ,        10.0.2.3,        10.0.2.1,0,8.0,10,880
2023-06-29 19:55:48.172,2023-06-29 19:57:28.173,ICMP ,        10.0.2.3,        10.0.2.1,0,8.0,10,880
2023-06-29 19:55:48.172,2023-06-29 19:57:38.175,ICMP ,        10.0.2.3,        10.0.2.1,0,8.0,10,880
2023-06-29 19:55:48.172,2023-06-29 19:57:48.173,ICMP ,        10.0.2.3,        10.0.2.1,0,8.0,10,880
2023-06-29 19:55:48.172,2023-06-29 19:57:58.173,ICMP ,        10.0.2.3,        10.0.2.1,0,8.0,10,880
2023-06-29 19:55:48.172,2023-06-29 19:58:08.172,ICMP ,        10.0.2.3,        10.0.2.1,0,8.0,10,880
2023-06-29 19:55:48.172,2023-06-29 19:58:18.175,ICMP ,        10.0.2.3,        10.0.2.1,0,8.0,10,880
2023-06-29 19:55:48.172,2023-06-29 19:58:28.173,ICMP ,        10.0.2.3,        10.0.2.1,0,8.0,10,880
2023-06-29 19:55:48.172,2023-06-29 19:58:38.175,ICMP ,        10.0.2.3,        10.0.2.1,0,8.0,10,880
2023-06-29 19:55:48.172,2023-06-29 19:58:48.174,ICMP ,        10.0.2.3,        10.0.2.1,0,8.0,10,880
2023-06-29 19:55:48.172,2023-06-29 19:58:58.172,ICMP ,        10.0.2.3,        10.0.2.1,0,8.0,10,880
2023-06-29 19:55:48.433,2023-06-29 19:55:53.433,ICMP ,        10.0.2.3,        10.0.2.1,0,8.0,6,528
2023-06-29 19:55:48.439,2023-06-29 19:56:18.773,TCP  ,        10.0.2.2,        10.0.4.3,80,80,31,1860
2023-06-29 19:55:48.440,2023-06-29 19:55:58.443,TCP  ,        10.0.2.2,        10.0.4.3,80,80,31,1860
2023-06-29 19:55:48.440,2023-06-29 19:56:08.440,TCP  ,        10.0.2.2,        10.0.4.3,80,80,30,1800
2023-06-29 19:55:48.440,2023-06-29 19:56:28.440,TCP  ,        10.0.2.2,        10.0.4.3,80,80,29,1740
2023-06-29 19:55:48.440,2023-06-29 19:56:38.441,TCP  ,        10.0.2.2,        10.0.4.3,80,80,30,1800
2023-06-29 19:55:48.440,2023-06-29 19:56:48.440,TCP  ,        10.0.2.2,        10.0.4.3,80,80,30,1800
2023-06-29 19:55:48.440,2023-06-29 19:56:58.441,TCP  ,        10.0.2.2,        10.0.4.3,80,80,30,1800
2023-06-29 19:55:48.440,2023-06-29 19:57:08.442,TCP  ,        10.0.2.2,        10.0.4.3,80,80,30,1800
2023-06-29 19:55:48.440,2023-06-29 19:57:18.440,TCP  ,        10.0.2.2,        10.0.4.3,80,80,30,1800
2023-06-29 19:55:48.440,2023-06-29 19:57:28.442,TCP  ,        10.0.2.2,        10.0.4.3,80,80,30,1800
2023-06-29 19:55:48.440,2023-06-29 19:57:38.443,TCP  ,        10.0.2.2,        10.0.4.3,80,80,30,1800
2023-06-29 19:55:48.440,2023-06-29 19:57:48.774,TCP  ,        10.0.2.2,        10.0.4.3,80,80,31,1860
2023-06-29 19:55:48.440,2023-06-29 19:57:58.774,TCP  ,        10.0.2.2,        10.0.4.3,80,80,30,1800
2023-06-29 19:55:48.440,2023-06-29 19:58:08.440,TCP  ,        10.0.2.2,        10.0.4.3,80,80,29,1740
2023-06-29 19:55:48.440,2023-06-29 19:58:18.443,TCP  ,        10.0.2.2,        10.0.4.3,80,80,30,1800
2023-06-29 19:55:48.440,2023-06-29 19:58:28.442,TCP  ,        10.0.2.2,        10.0.4.3,80,80,30,1800
2023-06-29 19:55:48.440,2023-06-29 19:58:38.772,TCP  ,        10.0.2.2,        10.0.4.3,80,80,31,1860
2023-06-29 19:55:48.440,2023-06-29 19:58:48.774,TCP  ,        10.0.2.2,        10.0.4.3,80,80,30,1800
2023-06-29 19:55:48.440,2023-06-29 19:58:58.440,TCP  ,        10.0.2.2,        10.0.4.3,80,80,29,1740
2023-06-29 19:55:48.440,2023-06-29 19:59:08.441,TCP  ,        10.0.2.2,        10.0.4.3,80,80,30,1800
2023-06-29 19:55:48.440,2023-06-29 19:59:18.442,TCP  ,        10.0.2.2,        10.0.4.3,80,80,30,1800
2023-06-29 19:55:48.440,2023-06-29 19:59:28.442,TCP  ,        10.0.2.2,        10.0.4.3,80,80,30,1800
2023-06-29 19:55:48.440,2023-06-29 19:59:38.441,TCP  ,        10.0.2.2,        10.0.4.3,80,80,30,1800
2023-06-29 19:55:48.440,2023-06-29 19:59:48.443,TCP  ,        10.0.2.2,        10.0.4.3,80,80,30,1800
2023-06-29 19:55:48.440,2023-06-29 19:59:58.773,TCP  ,        10.0.2.2,        10.0.4.3,80,80,31,1860
2023-06-29 19:55:48.499,2023-06-29 19:56:18.501,TCP  ,        10.0.2.1,        10.0.2.3,0,22,30,96
2023-06-29 19:55:48.500,2023-06-29 19:55:58.503,TCP  ,        10.0.2.1,        10.0.2.3,0,22,32,96
2023-06-29 19:55:48.500,2023-06-29 19:56:08.500,TCP  ,        10.0.2.1,        10.0.2.3,0,22,30,96
2023-06-29 19:55:48.500,2023-06-29 19:56:28.500,TCP  ,        10.0.2.1,        10.0.2.3,0,22,30,96
2023-06-29 19:55:48.500,2023-06-29 19:56:38.501,TCP  ,        10.0.2.1,        10.0.2.3,0,22,30,96
2023-06-29 19:55:48.500,2023-06-29 19:56:48.500,TCP  ,        10.0.2.1,        10.0.2.3,0,22,30,96
2023-06-29 19:55:48.500,2023-06-29 19:56:58.501,TCP  ,        10.0.2.1,        10.0.2.3,0,22,30,96
2023-06-29 19:55:48.500,2023-06-29 19:57:08.502,TCP  ,        10.0.2.1,        10.0.2.3,0,22,30,96
2023-06-29 19:55:48.500,2023-06-29 19:57:18.500,TCP  ,        10.0.2.1,        10.0.2.3,0,22,30,96
2023-06-29 19:55:48.500,2023-06-29 19:57:28.502,TCP  ,        10.0.2.1,        10.0.2.3,0,22,30,96
2023-06-29 19:55:48.500,2023-06-29 19:57:38.503,TCP  ,        10.0.2.1,        10.0.2.3,0,22,30,96
2023-06-29 19:55:48.500,2023-06-29 19:57:48.502,TCP  ,        10.0.2.1,        10.0.2.3,0,22,30,96
2023-06-29 19:55:48.500,2023-06-29 19:57:58.834,TCP  ,        10.0.2.1,        10.0.2.3,0,22,31,96
2023-06-29 19:55:48.500,2023-06-29 19:58:08.168,TCP  ,        10.0.2.1,        10.0.2.3,0,22,28,96
2023-06-29 19:55:48.500,2023-06-29 19:58:18.503,TCP  ,        10.0.2.1,        10.0.2.3,0,22,31,96
2023-06-29 19:55:48.500,2023-06-29 19:58:28.502,TCP  ,        10.0.2.1,        10.0.2.3,0,22,30,96
2023-06-29 19:55:48.500,2023-06-29 19:58:38.500,TCP  ,        10.0.2.1,        10.0.2.3,0,22,30,96
2023-06-29 19:55:48.500,2023-06-29 19:58:48.834,TCP  ,        10.0.2.1,        10.0.2.3,0,22,31,96
2023-06-29 19:55:48.500,2023-06-29 19:58:58.500,TCP  ,        10.0.2.1,        10.0.2.3,0,22,29,96
2023-06-29 19:55:48.500,2023-06-29 19:59:02.500,TCP  ,        10.0.2.1,        10.0.2.3,0,22,12,96
2023-06-29 19:55:48.705,2023-06-29 19:55:54.035,TCP  ,        10.0.2.2,        10.0.4.3,80,80,17,1020
2023-06-29 19:55:53.116,2023-06-29 19:55:53.116,TCP  ,        10.0.2.2,        10.0.4.3,80,80,1,60
2023-06-29 19:55:53.176,2023-06-29 19:56:03.509,TCP  ,        10.0.2.1,        10.0.2.3,0,22,32,96
2023-06-29 19:55:53.176,2023-06-29 19:56:13.508,TCP  ,        10.0.2.1,        10.0.2.3,0,22,30,96
2023-06-29 19:55:53.176,2023-06-29 19:56:18.509,TCP  ,        10.0.2.1,        10.0.2.3,0,22,15,96
2023-06-29 19:55:53.180,2023-06-29 19:56:03.180,ICMP ,        10.0.2.3,        10.0.2.1,0,8.0,11,968
2023-06-29 19:55:53.180,2023-06-29 19:56:13.180,ICMP ,        10.0.2.3,        10.0.2.1,0,8.0,10,880
2023-06-29 19:55:53.180,2023-06-29 19:56:18.180,ICMP ,        10.0.2.3,        10.0.2.1,0,8.0,5,440
2023-06-29 19:55:54.118,2023-06-29 19:56:04.447,TCP  ,        10.0.2.2,        10.0.4.3,80,80,33,1980
2023-06-29 19:55:54.118,2023-06-29 19:56:14.450,TCP  ,        10.0.2.2,        10.0.4.3,80,80,30,1800
2023-06-29 19:55:54.118,2023-06-29 19:56:18.781,TCP  ,        10.0.2.2,        10.0.4.3,80,80,13,780
2023-06-29 19:55:54.369,2023-06-29 19:55:54.369,TCP  ,        10.0.2.2,        10.0.4.3,80,80,1,60
2023-06-29 19:55:54.429,2023-06-29 19:56:04.765,TCP  ,        10.0.2.1,        10.0.2.3,0,22,32,96
2023-06-29 19:55:54.429,2023-06-29 19:56:20.099,TCP  ,        10.0.2.1,        10.0.2.3,0,22,17,96
2023-06-29 19:55:54.430,2023-06-29 19:56:14.434,TCP  ,        10.0.2.1,        10.0.2.3,0,22,29,96
2023-06-29 19:55:54.433,2023-06-29 19:56:04.431,ICMP ,        10.0.2.3,        10.0.2.1,0,8.0,11,968
2023-06-29 19:55:54.433,2023-06-29 19:56:19.434,ICMP ,        10.0.2.3,        10.0.2.1,0,8.0,5,440
2023-06-29 19:55:54.434,2023-06-29 19:56:14.434,ICMP ,        10.0.2.3,        10.0.2.1,0,8.0,10,880
2023-06-29 19:55:55.367,2023-06-29 19:56:15.369,TCP  ,        10.0.2.2,        10.0.4.3,80,80,30,1800
2023-06-29 19:55:55.367,2023-06-29 19:56:20.039,TCP  ,        10.0.2.2,        10.0.4.3,80,80,14,840
2023-06-29 19:55:55.368,2023-06-29 19:56:05.368,TCP  ,        10.0.2.2,        10.0.4.3,80,80,32,1920
2023-06-29 19:55:58.028,2023-06-29 19:56:08.528,ICMP ,        10.0.4.2,        10.0.3.3,0,   8.0,22,1320
2023-06-29 19:55:58.028,2023-06-29 19:56:18.529,ICMP ,        10.0.4.2,        10.0.3.3,0,   8.0,20,1200
2023-06-29 19:55:59.020,2023-06-29 19:56:19.518,ICMP ,        10.0.4.2,        10.0.3.3,0,   8.0,20,1200
2023-06-29 19:55:59.020,2023-06-29 19:56:29.518,ICMP ,        10.0.4.2,        10.0.3.3,0,   8.0,20,1200
2023-06-29 19:55:59.020,2023-06-29 19:57:29.522,ICMP ,        10.0.4.2,        10.0.3.3,0,   8.0,20,1200
2023-06-29 19:55:59.020,2023-06-29 19:58:19.523,ICMP ,        10.0.4.2,        10.0.3.3,0,   8.0,21,1260
2023-06-29 19:55:59.021,2023-06-29 19:56:09.518,ICMP ,        10.0.4.2,        10.0.3.3,0,   8.0,22,1320
2023-06-29 19:55:59.021,2023-06-29 19:56:39.518,ICMP ,        10.0.4.2,        10.0.3.3,0,   8.0,20,1200
2023-06-29 19:55:59.021,2023-06-29 19:56:49.523,ICMP ,        10.0.4.2,        10.0.3.3,0,   8.0,20,1200
2023-06-29 19:55:59.021,2023-06-29 19:56:59.523,ICMP ,        10.0.4.2,        10.0.3.3,0,   8.0,20,1200
2023-06-29 19:55:59.021,2023-06-29 19:57:09.523,ICMP ,        10.0.4.2,        10.0.3.3,0,   8.0,20,1200
2023-06-29 19:55:59.021,2023-06-29 19:57:19.522,ICMP ,        10.0.4.2,        10.0.3.3,0,   8.0,20,1200
2023-06-29 19:55:59.021,2023-06-29 19:57:39.521,ICMP ,        10.0.4.2,        10.0.3.3,0,   8.0,20,1200
2023-06-29 19:55:59.021,2023-06-29 19:57:49.520,ICMP ,        10.0.4.2,        10.0.3.3,0,   8.0,20,1200
2023-06-29 19:55:59.021,2023-06-29 19:57:59.520,ICMP ,        10.0.4.2,        10.0.3.3,0,   8.0,20,1200
2023-06-29 19:55:59.021,2023-06-29 19:58:09.021,ICMP ,        10.0.4.2,        10.0.3.3,0,   8.0,19,1140
2023-06-29 19:55:59.021,2023-06-29 19:58:29.521,ICMP ,        10.0.4.2,        10.0.3.3,0,   8.0,20,1200
2023-06-29 19:55:59.021,2023-06-29 19:58:38.520,ICMP ,        10.0.4.2,        10.0.3.3,0,   8.0,18,1080
2023-06-29 19:55:59.021,2023-06-29 19:58:48.522,ICMP ,        10.0.4.2,        10.0.3.3,0,   8.0,20,1200
2023-06-29 19:55:59.021,2023-06-29 19:58:58.520,ICMP ,        10.0.4.2,        10.0.3.3,0,   8.0,20,1200
2023-06-29 19:55:59.021,2023-06-29 19:59:08.521,ICMP ,        10.0.4.2,        10.0.3.3,0,   8.0,20,1200
2023-06-29 19:55:59.021,2023-06-29 19:59:18.378,ICMP ,        10.0.4.2,        10.0.3.3,0,   8.0,2,120
2023-06-29 19:55:59.021,2023-06-29 19:59:28.378,ICMP ,        10.0.4.2,        10.0.3.3,0,   8.0,20,1200
2023-06-29 19:55:59.021,2023-06-29 19:59:38.377,ICMP ,        10.0.4.2,        10.0.3.3,0,   8.0,20,1200
2023-06-29 19:55:59.021,2023-06-29 19:59:48.379,ICMP ,        10.0.4.2,        10.0.3.3,0,   8.0,20,1200
2023-06-29 19:55:59.021,2023-06-29 19:59:58.377,ICMP ,        10.0.4.2,        10.0.3.3,0,   8.0,20,1200
2023-06-29 19:55:59.283,2023-06-29 19:56:09.281,ICMP ,        10.0.4.2,        10.0.3.3,0,   8.0,21,1260
2023-06-29 19:55:59.283,2023-06-29 19:56:19.282,ICMP ,        10.0.4.2,        10.0.3.3,0,   8.0,20,1200
2023-06-29 19:55:59.283,2023-06-29 19:56:19.783,ICMP ,        10.0.4.2,        10.0.3.3,0,   8.0,1,60
2023-06-29 19:56:07.650,2023-06-29 19:56:18.649,UDP  ,        10.0.3.1,        10.0.3.2,0,0,6,360
2023-06-29 19:56:07.651,2023-06-29 19:56:17.649,UDP  ,        10.0.3.1,        10.0.3.2,0,0,61,3660
2023-06-29 19:56:08.639,2023-06-29 19:56:18.805,UDP  ,        10.0.3.1,        10.0.3.2,0,0,62,3720
2023-06-29 19:56:08.640,2023-06-29 19:56:28.472,UDP  ,        10.0.3.1,        10.0.3.2,0,0,58,3480
2023-06-29 19:56:08.640,2023-06-29 19:56:38.473,UDP  ,        10.0.3.1,        10.0.3.2,0,0,60,3600
2023-06-29 19:56:08.640,2023-06-29 19:56:48.472,UDP  ,        10.0.3.1,        10.0.3.2,0,0,60,3600
2023-06-29 19:56:08.640,2023-06-29 19:56:58.641,UDP  ,        10.0.3.1,        10.0.3.2,0,0,61,3660
2023-06-29 19:56:08.640,2023-06-29 19:57:08.642,UDP  ,        10.0.3.1,        10.0.3.2,0,0,60,3600
2023-06-29 19:56:08.640,2023-06-29 19:57:18.640,UDP  ,        10.0.3.1,        10.0.3.2,0,0,60,3600
2023-06-29 19:56:08.640,2023-06-29 19:57:28.642,UDP  ,        10.0.3.1,        10.0.3.2,0,0,60,3600
2023-06-29 19:56:08.640,2023-06-29 19:57:38.643,UDP  ,        10.0.3.1,        10.0.3.2,0,0,60,3600
2023-06-29 19:56:08.640,2023-06-29 19:57:48.806,UDP  ,        10.0.3.1,        10.0.3.2,0,0,61,3660
2023-06-29 19:56:08.640,2023-06-29 19:57:58.806,UDP  ,        10.0.3.1,        10.0.3.2,0,0,60,3600
2023-06-29 19:56:08.640,2023-06-29 19:58:08.472,UDP  ,        10.0.3.1,        10.0.3.2,0,0,58,3480
2023-06-29 19:56:08.640,2023-06-29 19:58:18.475,UDP  ,        10.0.3.1,        10.0.3.2,0,0,60,3600
2023-06-29 19:56:08.640,2023-06-29 19:58:28.642,UDP  ,        10.0.3.1,        10.0.3.2,0,0,61,3660
2023-06-29 19:56:08.640,2023-06-29 19:58:38.472,UDP  ,        10.0.3.1,        10.0.3.2,0,0,59,3540
2023-06-29 19:56:08.640,2023-06-29 19:58:48.822,UDP  ,        10.0.3.1,        10.0.3.2,0,0,3,180
2023-06-29 19:56:08.640,2023-06-29 19:58:58.488,UDP  ,        10.0.3.1,        10.0.3.2,0,0,58,3480
2023-06-29 19:56:08.640,2023-06-29 19:59:08.489,UDP  ,        10.0.3.1,        10.0.3.2,0,0,60,3600
2023-06-29 19:56:08.640,2023-06-29 19:59:18.490,UDP  ,        10.0.3.1,        10.0.3.2,0,0,60,3600
2023-06-29 19:56:08.640,2023-06-29 19:59:28.490,UDP  ,        10.0.3.1,        10.0.3.2,0,0,60,3600
2023-06-29 19:56:08.640,2023-06-29 19:59:38.653,UDP  ,        10.0.3.1,        10.0.3.2,0,0,61,3660
2023-06-29 19:56:08.640,2023-06-29 19:59:48.655,UDP  ,        10.0.3.1,        10.0.3.2,0,0,60,3600
2023-06-29 19:56:08.640,2023-06-29 19:59:58.821,UDP  ,        10.0.3.1,        10.0.3.2,0,0,61,3660
2023-06-29 19:56:08.904,2023-06-29 19:56:18.569,UDP  ,        10.0.3.1,        10.0.3.2,0,0,59,3540
2023-06-29 19:56:08.904,2023-06-29 19:56:20.071,UDP  ,        10.0.3.1,        10.0.3.2,0,0,9,540
2023-06-29 19:56:19.028,2023-06-29 19:56:29.530,ICMP ,        10.0.4.2,        10.0.3.3,0,   8.0,22,1320
2023-06-29 19:56:19.028,2023-06-29 19:56:39.528,ICMP ,        10.0.4.2,        10.0.3.3,0,   8.0,20,1200
2023-06-29 19:56:19.028,2023-06-29 19:56:49.529,ICMP ,        10.0.4.2,        10.0.3.3,0,   8.0,20,1200
2023-06-29 19:56:19.028,2023-06-29 19:56:59.528,ICMP ,        10.0.4.2,        10.0.3.3,0,   8.0,20,1200
2023-06-29 19:56:19.028,2023-06-29 19:57:09.528,ICMP ,        10.0.4.2,        10.0.3.3,0,   8.0,20,1200
2023-06-29 19:56:19.028,2023-06-29 19:57:20.030,ICMP ,        10.0.4.2,        10.0.3.3,0,   8.0,21,1260
2023-06-29 19:56:19.028,2023-06-29 19:57:30.029,ICMP ,        10.0.4.2,        10.0.3.3,0,   8.0,20,1200
2023-06-29 19:56:19.028,2023-06-29 19:57:39.528,ICMP ,        10.0.4.2,        10.0.3.3,0,   8.0,19,1140
2023-06-29 19:56:19.028,2023-06-29 19:57:49.527,ICMP ,        10.0.4.2,        10.0.3.3,0,   8.0,20,1200
2023-06-29 19:56:19.028,2023-06-29 19:57:59.528,ICMP ,        10.0.4.2,        10.0.3.3,0,   8.0,20,1200
2023-06-29 19:56:19.028,2023-06-29 19:58:09.527,ICMP ,        10.0.4.2,        10.0.3.3,0,   8.0,20,1200
2023-06-29 19:56:19.028,2023-06-29 19:58:19.530,ICMP ,        10.0.4.2,        10.0.3.3,0,   8.0,20,1200
2023-06-29 19:56:19.028,2023-06-29 19:58:29.530,ICMP ,        10.0.4.2,        10.0.3.3,0,   8.0,20,1200
2023-06-29 19:56:19.028,2023-06-29 19:58:39.530,ICMP ,        10.0.4.2,        10.0.3.3,0,   8.0,20,1200
2023-06-29 19:56:19.028,2023-06-29 19:58:50.030,ICMP ,        10.0.4.2,        10.0.3.3,0,   8.0,21,1260
2023-06-29 19:56:19.028,2023-06-29 19:59:00.027,ICMP ,        10.0.4.2,        10.0.3.3,0,   8.0,20,1200
2023-06-29 19:56:19.028,2023-06-29 19:59:19.383,ICMP ,        10.0.4.2,        10.0.3.3,0,   8.0,6,360
2023-06-29 19:56:19.028,2023-06-29 19:59:39.384,ICMP ,        10.0.4.2,        10.0.3.3,0,   8.0,20,1200
2023-06-29 19:56:19.028,2023-06-29 19:59:49.385,ICMP ,        10.0.4.2,        10.0.3.3,0,   8.0,20,1200
2023-06-29 19:56:19.029,2023-06-29 19:59:29.385,ICMP ,        10.0.4.2,        10.0.3.3,0,   8.0,20,1200
2023-06-29 19:56:19.148,2023-06-29 19:56:29.650,UDP  ,        10.0.3.1,        10.0.3.2,0,0,66,396
2023-06-29 19:56:19.148,2023-06-29 19:56:39.816,UDP  ,        10.0.3.1,        10.0.3.2,0,0,61,3660
2023-06-29 19:56:19.148,2023-06-29 19:56:49.817,UDP  ,        10.0.3.1,        10.0.3.2,0,0,60,3600
2023-06-29 19:56:19.148,2023-06-29 19:56:59.816,UDP  ,        10.0.3.1,        10.0.3.2,0,0,60,3600
2023-06-29 19:56:19.148,2023-06-29 19:57:09.980,UDP  ,        10.0.3.1,        10.0.3.2,0,0,61,3660
2023-06-29 19:56:19.148,2023-06-29 19:57:19.986,UDP  ,        10.0.3.1,        10.0.3.2,0,0,60,3600
2023-06-29 19:56:19.148,2023-06-29 19:57:29.985,UDP  ,        10.0.3.1,        10.0.3.2,0,0,60,3600
2023-06-29 19:56:19.148,2023-06-29 19:57:39.484,UDP  ,        10.0.3.1,        10.0.3.2,0,0,57,3420
2023-06-29 19:56:19.148,2023-06-29 19:57:49.647,UDP  ,        10.0.3.1,        10.0.3.2,0,0,61,3660
2023-06-29 19:56:19.148,2023-06-29 19:57:59.648,UDP  ,        10.0.3.1,        10.0.3.2,0,0,60,3600
2023-06-29 19:56:19.148,2023-06-29 19:58:09.647,UDP  ,        10.0.3.1,        10.0.3.2,0,0,60,3600
2023-06-29 19:56:19.148,2023-06-29 19:58:19.650,UDP  ,        10.0.3.1,        10.0.3.2,0,0,60,3600
2023-06-29 19:56:19.148,2023-06-29 19:58:29.818,UDP  ,        10.0.3.1,        10.0.3.2,0,0,61,3660
2023-06-29 19:56:19.148,2023-06-29 19:58:37.484,UDP  ,        10.0.3.1,        10.0.3.2,0,0,46,2760
2023-06-29 19:56:19.148,2023-06-29 19:58:49.998,UDP  ,        10.0.3.1,        10.0.3.2,0,0,16,96
2023-06-29 19:56:19.148,2023-06-29 19:58:59.995,UDP  ,        10.0.3.1,        10.0.3.2,0,0,60,3600
2023-06-29 19:56:19.148,2023-06-29 19:59:09.995,UDP  ,        10.0.3.1,        10.0.3.2,0,0,60,3600
2023-06-29 19:56:19.148,2023-06-29 19:59:19.663,UDP  ,        10.0.3.1,        10.0.3.2,0,0,58,3480
2023-06-29 19:56:19.148,2023-06-29 19:59:39.664,UDP  ,        10.0.3.1,        10.0.3.2,0,0,60,3600
2023-06-29 19:56:19.148,2023-06-29 19:59:49.829,UDP  ,        10.0.3.1,        10.0.3.2,0,0,61,3660
2023-06-29 19:56:19.149,2023-06-29 19:59:29.665,UDP  ,        10.0.3.1,        10.0.3.2,0,0,60,3600
2023-06-29 19:56:19.176,2023-06-29 19:56:29.510,TCP  ,        10.0.2.1,        10.0.2.3,0,22,33,96
2023-06-29 19:56:19.176,2023-06-29 19:56:39.508,TCP  ,        10.0.2.1,        10.0.2.3,0,22,30,96
2023-06-29 19:56:19.176,2023-06-29 19:56:49.845,TCP  ,        10.0.2.1,        10.0.2.3,0,22,31,96
2023-06-29 19:56:19.176,2023-06-29 19:56:59.844,TCP  ,        10.0.2.1,        10.0.2.3,0,22,30,96
2023-06-29 19:56:19.176,2023-06-29 19:57:09.844,TCP  ,        10.0.2.1,        10.0.2.3,0,22,30,96
2023-06-29 19:56:19.176,2023-06-29 19:57:19.846,TCP  ,        10.0.2.1,        10.0.2.3,0,22,30,96
2023-06-29 19:56:19.176,2023-06-29 19:57:29.845,TCP  ,        10.0.2.1,        10.0.2.3,0,22,30,96
2023-06-29 19:56:19.176,2023-06-29 19:57:39.508,TCP  ,        10.0.2.1,        10.0.2.3,0,22,29,96
2023-06-29 19:56:19.176,2023-06-29 19:57:49.507,TCP  ,        10.0.2.1,        10.0.2.3,0,22,30,96
2023-06-29 19:56:19.176,2023-06-29 19:57:59.508,TCP  ,        10.0.2.1,        10.0.2.3,0,22,30,96
2023-06-29 19:56:19.176,2023-06-29 19:58:09.507,TCP  ,        10.0.2.1,        10.0.2.3,0,22,30,96
2023-06-29 19:56:19.176,2023-06-29 19:58:19.510,TCP  ,        10.0.2.1,        10.0.2.3,0,22,30,96
2023-06-29 19:56:19.176,2023-06-29 19:58:29.510,TCP  ,        10.0.2.1,        10.0.2.3,0,22,30,96
2023-06-29 19:56:19.176,2023-06-29 19:58:39.846,TCP  ,        10.0.2.1,        10.0.2.3,0,22,31,96
2023-06-29 19:56:19.176,2023-06-29 19:58:49.846,TCP  ,        10.0.2.1,        10.0.2.3,0,22,30,96
2023-06-29 19:56:19.176,2023-06-29 19:58:59.843,TCP  ,        10.0.2.1,        10.0.2.3,0,22,30,96
2023-06-29 19:56:19.176,2023-06-29 19:59:01.509,TCP  ,        10.0.2.1,        10.0.2.3,0,22,5,96
2023-06-29 19:56:19.180,2023-06-29 19:56:29.181,ICMP ,        10.0.2.3,        10.0.2.1,0,8.0,11,968
2023-06-29 19:56:19.180,2023-06-29 19:56:39.179,ICMP ,        10.0.2.3,        10.0.2.1,0,8.0,10,880
2023-06-29 19:56:19.180,2023-06-29 19:56:49.179,ICMP ,        10.0.2.3,        10.0.2.1,0,8.0,10,880
2023-06-29 19:56:19.180,2023-06-29 19:56:59.181,ICMP ,        10.0.2.3,        10.0.2.1,0,8.0,10,880
2023-06-29 19:56:19.180,2023-06-29 19:57:09.183,ICMP ,        10.0.2.3,        10.0.2.1,0,8.0,10,880
2023-06-29 19:56:19.180,2023-06-29 19:57:19.181,ICMP ,        10.0.2.3,        10.0.2.1,0,8.0,10,880
2023-06-29 19:56:19.180,2023-06-29 19:57:29.181,ICMP ,        10.0.2.3,        10.0.2.1,0,8.0,10,880
2023-06-29 19:56:19.180,2023-06-29 19:57:39.180,ICMP ,        10.0.2.3,        10.0.2.1,0,8.0,10,880
2023-06-29 19:56:19.180,2023-06-29 19:57:49.179,ICMP ,        10.0.2.3,        10.0.2.1,0,8.0,10,880
2023-06-29 19:56:19.180,2023-06-29 19:57:59.179,ICMP ,        10.0.2.3,        10.0.2.1,0,8.0,10,880
2023-06-29 19:56:19.180,2023-06-29 19:58:09.182,ICMP ,        10.0.2.3,        10.0.2.1,0,8.0,10,880
2023-06-29 19:56:19.180,2023-06-29 19:58:19.181,ICMP ,        10.0.2.3,        10.0.2.1,0,8.0,10,880
2023-06-29 19:56:19.180,2023-06-29 19:58:29.180,ICMP ,        10.0.2.3,        10.0.2.1,0,8.0,10,880
2023-06-29 19:56:19.180,2023-06-29 19:58:39.181,ICMP ,        10.0.2.3,        10.0.2.1,0,8.0,10,880
2023-06-29 19:56:19.180,2023-06-29 19:58:49.181,ICMP ,        10.0.2.3,        10.0.2.1,0,8.0,10,880
2023-06-29 19:56:19.180,2023-06-29 19:58:59.182,ICMP ,        10.0.2.3,        10.0.2.1,0,8.0,10,880
2023-06-29 19:56:19.180,2023-06-29 19:59:01.181,ICMP ,        10.0.2.3,        10.0.2.1,0,8.0,2,176
2023-06-29 19:56:19.781,2023-06-29 19:56:29.782,TCP  ,        10.0.2.2,        10.0.4.3,80,80,32,1920
2023-06-29 19:56:19.781,2023-06-29 19:56:39.780,TCP  ,        10.0.2.2,        10.0.4.3,80,80,30,1800
2023-06-29 19:56:19.781,2023-06-29 19:56:49.781,TCP  ,        10.0.2.2,        10.0.4.3,80,80,30,1800
2023-06-29 19:56:19.781,2023-06-29 19:56:59.780,TCP  ,        10.0.2.2,        10.0.4.3,80,80,30,1800
2023-06-29 19:56:19.781,2023-06-29 19:57:09.780,TCP  ,        10.0.2.2,        10.0.4.3,80,80,30,1800
2023-06-29 19:56:19.781,2023-06-29 19:57:19.782,TCP  ,        10.0.2.2,        10.0.4.3,80,80,30,1800
2023-06-29 19:56:19.781,2023-06-29 19:57:29.781,TCP  ,        10.0.2.2,        10.0.4.3,80,80,30,1800
2023-06-29 19:56:19.781,2023-06-29 19:57:39.448,TCP  ,        10.0.2.2,        10.0.4.3,80,80,29,1740
2023-06-29 19:56:19.781,2023-06-29 19:57:49.447,TCP  ,        10.0.2.2,        10.0.4.3,80,80,30,1800
2023-06-29 19:56:19.781,2023-06-29 19:57:59.448,TCP  ,        10.0.2.2,        10.0.4.3,80,80,30,1800
2023-06-29 19:56:19.781,2023-06-29 19:58:09.447,TCP  ,        10.0.2.2,        10.0.4.3,80,80,30,1800
2023-06-29 19:56:19.781,2023-06-29 19:58:19.782,TCP  ,        10.0.2.2,        10.0.4.3,80,80,31,1860
2023-06-29 19:56:19.781,2023-06-29 19:58:29.782,TCP  ,        10.0.2.2,        10.0.4.3,80,80,30,1800
2023-06-29 19:56:19.781,2023-06-29 19:58:39.782,TCP  ,        10.0.2.2,        10.0.4.3,80,80,30,1800
2023-06-29 19:56:19.781,2023-06-29 19:58:49.782,TCP  ,        10.0.2.2,        10.0.4.3,80,80,30,1800
2023-06-29 19:56:19.781,2023-06-29 19:58:59.779,TCP  ,        10.0.2.2,        10.0.4.3,80,80,30,1800
2023-06-29 19:56:19.781,2023-06-29 19:59:09.779,TCP  ,        10.0.2.2,        10.0.4.3,80,80,30,1800
2023-06-29 19:56:19.781,2023-06-29 19:59:19.447,TCP  ,        10.0.2.2,        10.0.4.3,80,80,29,1740
2023-06-29 19:56:19.781,2023-06-29 19:59:39.780,TCP  ,        10.0.2.2,        10.0.4.3,80,80,31,1860
2023-06-29 19:56:19.781,2023-06-29 19:59:49.781,TCP  ,        10.0.2.2,        10.0.4.3,80,80,30,1800
2023-06-29 19:56:19.782,2023-06-29 19:59:29.449,TCP  ,        10.0.2.2,        10.0.4.3,80,80,30,1800
2023-06-29 19:56:20.280,2023-06-29 19:56:30.280,ICMP ,        10.0.4.2,        10.0.3.3,0,   8.0,21,1260
2023-06-29 19:56:20.280,2023-06-29 19:56:40.281,ICMP ,        10.0.4.2,        10.0.3.3,0,   8.0,20,1200
2023-06-29 19:56:20.280,2023-06-29 19:57:00.282,ICMP ,        10.0.4.2,        10.0.3.3,0,   8.0,20,1200
2023-06-29 19:56:20.280,2023-06-29 19:57:10.782,ICMP ,        10.0.4.2,        10.0.3.3,0,   8.0,21,1260
2023-06-29 19:56:20.280,2023-06-29 19:57:20.783,ICMP ,        10.0.4.2,        10.0.3.3,0,   8.0,20,1200
2023-06-29 19:56:20.280,2023-06-29 19:57:30.783,ICMP ,        10.0.4.2,        10.0.3.3,0,   8.0,20,1200
2023-06-29 19:56:20.280,2023-06-29 19:57:40.786,ICMP ,        10.0.4.2,        10.0.3.3,0,   8.0,20,1200
2023-06-29 19:56:20.280,2023-06-29 19:57:50.783,ICMP ,        10.0.4.2,        10.0.3.3,0,   8.0,20,1200
2023-06-29 19:56:20.280,2023-06-29 19:58:00.784,ICMP ,        10.0.4.2,        10.0.3.3,0,   8.0,20,1200
2023-06-29 19:56:20.280,2023-06-29 19:58:10.783,ICMP ,        10.0.4.2,        10.0.3.3,0,   8.0,20,1200
2023-06-29 19:56:20.280,2023-06-29 19:58:20.787,ICMP ,        10.0.4.2,        10.0.3.3,0,   8.0,20,1200
2023-06-29 19:56:20.280,2023-06-29 19:58:30.783,ICMP ,        10.0.4.2,        10.0.3.3,0,   8.0,20,1200
2023-06-29 19:56:20.280,2023-06-29 19:58:40.783,ICMP ,        10.0.4.2,        10.0.3.3,0,   8.0,20,1200
2023-06-29 19:56:20.280,2023-06-29 19:58:50.786,ICMP ,        10.0.4.2,        10.0.3.3,0,   8.0,20,1200
2023-06-29 19:56:20.280,2023-06-29 19:59:00.784,ICMP ,        10.0.4.2,        10.0.3.3,0,   8.0,20,1200
2023-06-29 19:56:20.280,2023-06-29 19:59:08.785,ICMP ,        10.0.4.2,        10.0.3.3,0,   8.0,16,96
2023-06-29 19:56:20.280,2023-06-29 19:59:21.142,ICMP ,        10.0.4.2,        10.0.3.3,0,   8.0,7,420
2023-06-29 19:56:20.280,2023-06-29 19:59:31.141,ICMP ,        10.0.4.2,        10.0.3.3,0,   8.0,20,1200
2023-06-29 19:56:20.280,2023-06-29 19:59:41.142,ICMP ,        10.0.4.2,        10.0.3.3,0,   8.0,20,1200
2023-06-29 19:56:20.280,2023-06-29 19:59:50.639,ICMP ,        10.0.4.2,        10.0.3.3,0,   8.0,19,1140
2023-06-29 19:56:20.281,2023-06-29 19:56:50.287,ICMP ,        10.0.4.2,        10.0.3.3,0,   8.0,20,1200
2023-06-29 19:56:20.432,2023-06-29 19:56:30.432,ICMP ,        10.0.2.3,        10.0.2.1,0,8.0,11,968
2023-06-29 19:56:20.432,2023-06-29 19:56:30.432,TCP  ,        10.0.2.1,        10.0.2.3,0,22,31,96
2023-06-29 19:56:20.432,2023-06-29 19:56:40.433,ICMP ,        10.0.2.3,        10.0.2.1,0,8.0,10,880
2023-06-29 19:56:20.432,2023-06-29 19:56:40.433,TCP  ,        10.0.2.1,        10.0.2.3,0,22,30,96
2023-06-29 19:56:20.432,2023-06-29 19:57:00.434,ICMP ,        10.0.2.3,        10.0.2.1,0,8.0,10,880
2023-06-29 19:56:20.432,2023-06-29 19:57:00.434,TCP  ,        10.0.2.1,        10.0.2.3,0,22,30,96
2023-06-29 19:56:20.432,2023-06-29 19:57:10.434,ICMP ,        10.0.2.3,        10.0.2.1,0,8.0,10,880
2023-06-29 19:56:20.432,2023-06-29 19:57:10.766,TCP  ,        10.0.2.1,        10.0.2.3,0,22,31,96
2023-06-29 19:56:20.432,2023-06-29 19:57:20.431,ICMP ,        10.0.2.3,        10.0.2.1,0,8.0,10,880
2023-06-29 19:56:20.432,2023-06-29 19:57:20.763,TCP  ,        10.0.2.1,        10.0.2.3,0,22,30,96
2023-06-29 19:56:20.432,2023-06-29 19:57:30.431,ICMP ,        10.0.2.3,        10.0.2.1,0,8.0,10,880
2023-06-29 19:56:20.432,2023-06-29 19:57:30.763,TCP  ,        10.0.2.1,        10.0.2.3,0,22,30,96
2023-06-29 19:56:20.432,2023-06-29 19:57:40.434,ICMP ,        10.0.2.3,        10.0.2.1,0,8.0,10,880
2023-06-29 19:56:20.432,2023-06-29 19:57:40.766,TCP  ,        10.0.2.1,        10.0.2.3,0,22,30,96
2023-06-29 19:56:20.432,2023-06-29 19:57:50.431,ICMP ,        10.0.2.3,        10.0.2.1,0,8.0,10,880
2023-06-29 19:56:20.432,2023-06-29 19:57:50.763,TCP  ,        10.0.2.1,        10.0.2.3,0,22,30,96
2023-06-29 19:56:20.432,2023-06-29 19:58:00.432,ICMP ,        10.0.2.3,        10.0.2.1,0,8.0,10,880
2023-06-29 19:56:20.432,2023-06-29 19:58:00.764,TCP  ,        10.0.2.1,        10.0.2.3,0,22,30,96
2023-06-29 19:56:20.432,2023-06-29 19:58:10.435,ICMP ,        10.0.2.3,        10.0.2.1,0,8.0,10,880
2023-06-29 19:56:20.432,2023-06-29 19:58:10.767,TCP  ,        10.0.2.1,        10.0.2.3,0,22,30,96
2023-06-29 19:56:20.432,2023-06-29 19:58:20.434,ICMP ,        10.0.2.3,        10.0.2.1,0,8.0,10,880
2023-06-29 19:56:20.432,2023-06-29 19:58:20.767,TCP  ,        10.0.2.1,        10.0.2.3,0,22,30,96
2023-06-29 19:56:20.432,2023-06-29 19:58:30.434,ICMP ,        10.0.2.3,        10.0.2.1,0,8.0,10,880
2023-06-29 19:56:20.432,2023-06-29 19:58:30.763,TCP  ,        10.0.2.1,        10.0.2.3,0,22,30,96
2023-06-29 19:56:20.432,2023-06-29 19:58:40.435,ICMP ,        10.0.2.3,        10.0.2.1,0,8.0,10,880
2023-06-29 19:56:20.432,2023-06-29 19:58:41.099,TCP  ,        10.0.2.1,        10.0.2.3,0,22,31,96
2023-06-29 19:56:20.432,2023-06-29 19:58:50.437,ICMP ,        10.0.2.3,        10.0.2.1,0,8.0,10,880
2023-06-29 19:56:20.432,2023-06-29 19:58:51.102,TCP  ,        10.0.2.1,        10.0.2.3,0,22,30,96
2023-06-29 19:56:20.432,2023-06-29 19:59:00.431,ICMP ,        10.0.2.3,        10.0.2.1,0,8.0,10,880
2023-06-29 19:56:20.432,2023-06-29 19:59:01.100,TCP  ,        10.0.2.1,        10.0.2.3,0,22,30,96
2023-06-29 19:56:20.432,2023-06-29 19:59:02.438,ICMP ,        10.0.2.3,        10.0.2.1,0,8.0,2,176
2023-06-29 19:56:20.432,2023-06-29 19:59:02.767,TCP  ,        10.0.2.1,        10.0.2.3,0,22,5,96
2023-06-29 19:56:20.433,2023-06-29 19:56:50.435,ICMP ,        10.0.2.3,        10.0.2.1,0,8.0,10,880
2023-06-29 19:56:20.433,2023-06-29 19:56:50.435,TCP  ,        10.0.2.1,        10.0.2.3,0,22,30,96
2023-06-29 19:56:20.568,2023-06-29 19:56:30.568,UDP  ,        10.0.3.1,        10.0.3.2,0,0,63,3780
2023-06-29 19:56:20.568,2023-06-29 19:56:40.569,UDP  ,        10.0.3.1,        10.0.3.2,0,0,60,3600
2023-06-29 19:56:20.568,2023-06-29 19:57:00.738,UDP  ,        10.0.3.1,        10.0.3.2,0,0,60,3600
2023-06-29 19:56:20.568,2023-06-29 19:57:10.738,UDP  ,        10.0.3.1,        10.0.3.2,0,0,60,3600
2023-06-29 19:56:20.568,2023-06-29 19:57:20.735,UDP  ,        10.0.3.1,        10.0.3.2,0,0,60,3600
2023-06-29 19:56:20.568,2023-06-29 19:57:30.735,UDP  ,        10.0.3.1,        10.0.3.2,0,0,60,3600
2023-06-29 19:56:20.568,2023-06-29 19:57:40.738,UDP  ,        10.0.3.1,        10.0.3.2,0,0,60,3600
2023-06-29 19:56:20.568,2023-06-29 19:57:50.739,UDP  ,        10.0.3.1,        10.0.3.2,0,0,60,3600
2023-06-29 19:56:20.568,2023-06-29 19:58:00.904,UDP  ,        10.0.3.1,        10.0.3.2,0,0,61,3660
2023-06-29 19:56:20.568,2023-06-29 19:58:10.907,UDP  ,        10.0.3.1,        10.0.3.2,0,0,60,3600
2023-06-29 19:56:20.568,2023-06-29 19:58:20.907,UDP  ,        10.0.3.1,        10.0.3.2,0,0,60,3600
2023-06-29 19:56:20.568,2023-06-29 19:58:30.903,UDP  ,        10.0.3.1,        10.0.3.2,0,0,60,3600
2023-06-29 19:56:20.568,2023-06-29 19:58:38.740,UDP  ,        10.0.3.1,        10.0.3.2,0,0,47,2820
2023-06-29 19:56:20.568,2023-06-29 19:58:51.086,UDP  ,        10.0.3.1,        10.0.3.2,0,0,15,900
2023-06-29 19:56:20.568,2023-06-29 19:59:01.252,UDP  ,        10.0.3.1,        10.0.3.2,0,0,61,3660
2023-06-29 19:56:20.568,2023-06-29 19:59:11.252,UDP  ,        10.0.3.1,        10.0.3.2,0,0,60,3600
2023-06-29 19:56:20.568,2023-06-29 19:59:21.254,UDP  ,        10.0.3.1,        10.0.3.2,0,0,60,3600
2023-06-29 19:56:20.568,2023-06-29 19:59:31.253,UDP  ,        10.0.3.1,        10.0.3.2,0,0,60,3600
2023-06-29 19:56:20.568,2023-06-29 19:59:41.254,UDP  ,        10.0.3.1,        10.0.3.2,0,0,60,3600
2023-06-29 19:56:20.568,2023-06-29 19:59:50.751,UDP  ,        10.0.3.1,        10.0.3.2,0,0,57,3420
2023-06-29 19:56:20.569,2023-06-29 19:56:50.739,UDP  ,        10.0.3.1,        10.0.3.2,0,0,61,3660
2023-06-29 19:56:21.035,2023-06-29 19:56:31.371,TCP  ,        10.0.2.2,        10.0.4.3,80,80,33,1980
2023-06-29 19:56:21.035,2023-06-29 19:56:41.706,TCP  ,        10.0.2.2,        10.0.4.3,80,80,31,1860
2023-06-29 19:56:21.035,2023-06-29 19:56:51.705,TCP  ,        10.0.2.2,        10.0.4.3,80,80,30,1800
2023-06-29 19:56:21.035,2023-06-29 19:57:01.704,TCP  ,        10.0.2.2,        10.0.4.3,80,80,30,1800
2023-06-29 19:56:21.035,2023-06-29 19:57:11.704,TCP  ,        10.0.2.2,        10.0.4.3,80,80,30,1800
2023-06-29 19:56:21.035,2023-06-29 19:57:31.705,TCP  ,        10.0.2.2,        10.0.4.3,80,80,30,1800
2023-06-29 19:56:21.035,2023-06-29 19:57:40.706,TCP  ,        10.0.2.2,        10.0.4.3,80,80,27,1620
2023-06-29 19:56:21.035,2023-06-29 19:57:50.703,TCP  ,        10.0.2.2,        10.0.4.3,80,80,30,1800
2023-06-29 19:56:21.035,2023-06-29 19:58:00.704,TCP  ,        10.0.2.2,        10.0.4.3,80,80,30,1800
2023-06-29 19:56:21.035,2023-06-29 19:58:10.707,TCP  ,        10.0.2.2,        10.0.4.3,80,80,30,1800
2023-06-29 19:56:21.035,2023-06-29 19:58:20.707,TCP  ,        10.0.2.2,        10.0.4.3,80,80,30,1800
2023-06-29 19:56:21.035,2023-06-29 19:58:31.035,TCP  ,        10.0.2.2,        10.0.4.3,80,80,31,1860
2023-06-29 19:56:21.035,2023-06-29 19:58:41.035,TCP  ,        10.0.2.2,        10.0.4.3,80,80,30,1800
2023-06-29 19:56:21.035,2023-06-29 19:58:51.042,TCP  ,        10.0.2.2,        10.0.4.3,80,80,30,1800
2023-06-29 19:56:21.035,2023-06-29 19:59:01.036,TCP  ,        10.0.2.2,        10.0.4.3,80,80,30,1800
2023-06-29 19:56:21.035,2023-06-29 19:59:11.040,TCP  ,        10.0.2.2,        10.0.4.3,80,80,30,1800
2023-06-29 19:56:21.035,2023-06-29 19:59:21.042,TCP  ,        10.0.2.2,        10.0.4.3,80,80,30,1800
2023-06-29 19:56:21.035,2023-06-29 19:59:31.041,TCP  ,        10.0.2.2,        10.0.4.3,80,80,30,1800
2023-06-29 19:56:21.035,2023-06-29 19:59:41.042,TCP  ,        10.0.2.2,        10.0.4.3,80,80,30,1800
2023-06-29 19:56:21.035,2023-06-29 19:59:50.703,TCP  ,        10.0.2.2,        10.0.4.3,80,80,29,1740
2023-06-29 19:56:21.036,2023-06-29 19:57:21.704,TCP  ,        10.0.2.2,        10.0.4.3,80,80,30,1800
2023-06-29 19:59:42.383,2023-06-29 19:59:52.715,TCP  ,        10.0.2.1,        10.0.2.3,0,22,32,96
2023-06-29 19:59:42.388,2023-06-29 19:59:52.715,ICMP ,        10.0.2.3,        10.0.2.1,0,8.0,16,1408
2023-06-29 19:59:43.374,2023-06-29 19:59:53.707,TCP  ,        10.0.2.1,        10.0.2.3,0,22,32,96
2023-06-29 19:59:43.382,2023-06-29 19:59:53.711,ICMP ,        10.0.2.3,        10.0.2.1,0,8.0,16,1408
2023-06-29 19:59:43.641,2023-06-29 19:59:53.640,TCP  ,        10.0.2.1,        10.0.2.3,0,22,31,96
2023-06-29 19:59:43.644,2023-06-29 19:59:52.971,ICMP ,        10.0.2.3,        10.0.2.1,0,8.0,15,1320

